location ,sqft_area,price,bathrooms,rooms
"Railway Station Rd near Classic hotel,bazaria ,ghaziabad ",900,70,3 Baths,2 BHK
Vasundhara sector 13,850,47,2 Baths,2 BHK
Sahibabad,650,49,2 Baths,2 BHK
Ghukna,600,15,2 Baths,2 BHK
Nehru Nagar,3000,170,4 Baths,4 BHK
Shakti khand 4,1200,57,2 Baths,3 BHK
"tgri road, near Tigri Road Dali Ki Kothi, Christian Nagar,ghaziabad ",900,50,3 Baths,3 BHK
Mohan Nagar,1075,52,2 Baths,3 BHK
Sahibabad,1640,125,4 Baths,4 BHK
Lal kuan,369,14,1 Bath,1 BHK
Lal kuan,315,12.5,1 Bath,1 BHK
Lal kuan,405,25,1 Bath,2 BHK
Lal kuan,645,25.5,2 Baths,3 BHK
vaishali sector 5,360,24,1 Bath,1 BHK
Pratap Vihar,409,12,1 Bath,1 BHK
"Reliance petrol pump,Lal Kuan,ghaziabad",650,17,2 Baths,1 BHK
Shastri Nagar,1300,69,2 Baths,3 BHK
Kavi Nagar,1500,75,2 Baths,2 BHK
Shakti khand 3,2600,107,3 Baths,4 BHK
"Null,Lal kuan Ghaziabad,Mansrowar Park,ghaziabad",432,17,2 Baths,2 BHK
"Nr. Allahabad Bank,Sector-1,ghaziabad",1100,53,2 Baths,2 BHK
 Vijay Nagar ,750,28,2 Baths,2 BHK
Vasundhara sector 13,2430,115,5 Baths,4 BHK
Shalimar garden,1000,38,2 Baths,2 BHK
Turab Nagar,2500,75,5 Baths,4 BHK
Raj Nagar extension,1790,125,3 Baths,4 BHK
Indirapuram,850,46,3 Baths,2 BHK
Ahinsa khand,1498,210,3 Baths,3 BHK
" Antriksh Greens, Indirapuram",2130,95,3 Baths,5 BHK
" ATS Advantage, Indirapuram",5400,560,3 Baths,5 BHK
NH 24,527,45,3 Baths,2 BHK
 Ahinsa Khand-2,956,64.7,3 Baths,3 BHK
Shalimar garden,1100,52.2,3 Baths,3 BHK
Indirapuram,1485,120,3 Baths,3 BHK
Crossing Republik,1120,45.5,3 Baths,2 BHK
Raj Nagar extension,637,19.2,3 Baths,1 BHK
 Siddhartha Vihar,2295,137,3 Baths,3 BHK
" Trine Towers, Indirapuram",1645,95.4,3 Baths,4 BHK
 Gyan Khand,900,70,3 Baths,2 BHK
Vasundhara,1600,131,3 Baths,4 BHK
Gyan Khand,1276,74.9,3 Baths,3 BHK
Shakti khand ,1200,55,3 Baths,3 BHK
NH 24,890,49.2,3 Baths,2 BHK
Raj Nagar extension,698,29.5,3 Baths,2 BHK
" Orange County, Orange County, Indirapuram",1224,78,3 Baths,2 BHK
 Wave City ,2151,110,3 Baths,4 BHK
Indirapuram,850,40,3 Baths,2 BHK
  Mahagunpuram,760,26,3 Baths,2 BHK
 Siddhartha Vihar,1110,104,3 Baths,3 BHK
 Siddhartha Vihar,636,53.3,3 Baths,2 BHK
Shakti khand 4,900,49,3 Baths,3 BHK
 Siddhartha Vihar,644,57.5,3 Baths,2 BHK
Raj Nagar extension,1200,62,3 Baths,3 BHK
Indirapuram,1725,112,3 Baths,4 BHK
Indirapuram,1045,51.5,3 Baths,2 BHK
Indirapuram,500,23,1 bath,1 BHK
Raj Nagar extension,637,19.2,1 bath,1 BHK
Raj Nagar extension,478,20.5,1 bath,1 BHK
 Ahinsa Khand-2,600,33.5,1 bath,1 BHK
 Vaishali Sector 2 ,600,26,1 bath,1 BHK
Indirapuram,500,24,1 bath,1 BHK
Indirapuram,600,30,1 bath,1 BHK
 Vasundhara ,550,22,1 bath,1 BHK
Ahinsa khand,550,30,1 bath,1 BHK
 Vaishali ,745,27,1 bath,1 BHK
NH 24,340,18.5,1 bath,1 BHK
Indirapuram,650,23.5,1 bath,1 BHK
 Dlf Dilshad Extension ,590,16.9,1 bath,1 BHK
Vaishali Sector 3  ,300,12.5,1 bath,1 BHK
 Vaishali Sector 2A ,625,26.8,1 bath,1 BHK
Shalimar garden,560,18.2,1 bath,1 BHK
Raj Nagar extension,410,28.5,1 bath,1 BHK
"Krishna Garden, in Duhai ",600,13,1 bath,1 BHK
NH 24,418,20,1 bath,1 BHK
Shakti Khand 3,377,20,1 bath,1 BHK
NH 24,585,18,1 bath,1 BHK
Gyan Khand 4 ,427,21,1 bath,1 BHK
Nyay khand,277,13.5,1 bath,1 BHK
 Vasundhara Sector 1 ,400,14,1 bath,1 BHK
" ATS Advantage, Indirapuram",550,22,1 bath,1 BHK
 Siddhartha Vihar,450,18,1 bath,1 BHK
" ATS Advantage, Indirapuram",230,10.8,1 bath,1 BHK
Govindpuram,645,25,1 bath,1 BHK
NH 24,580,17.5,1 bath,1 BHK
 Pilkhuwa ,445,10.5,1 bath,1 BHK
Raj Nagar extension,890,33,2 bath,2 BHK
Indirapuram,850,46,2 bath,2 BHK
Ahinsa khand,990,113,2 bath,2 BHK
Indirapuram,990,44.5,2 bath,2 BHK
NH 24,527,45,2 bath,2 BHK
" ATS Advantage, Indirapuram",1365,120,2 bath,2 BHK
 Ahinsa Khand-2,860,58.1,2 bath,2 BHK
Crossing Republik,1120,45.5,2 bath,2 BHK
Raj Nagar extension,808,25.2,2 bath,2 BHK
" Trine Towers, Indirapuram",965,56,2 bath,2 BHK
Indirapuram,960,53.6,2 bath,2 BHK
Shakti Khand 2,1050,38,2 bath,2 BHK
NH 24,890,42.9,2 bath,2 BHK
Raj Nagar extension,698,29.5,2 bath,2 BHK
Indirapuram,1224,78,2 bath,2 BHK
 Vaishali ,950,38.9,2 bath,2 BHK
Indirapuram,850,40,2 bath,2 BHK
 Mahagunpuram,760,26,2 bath,2 BHK
 Siddhartha Vihar,636,53.8,2 bath,2 BHK
 Siddhartha Vihar,532,43,2 bath,2 BHK
 Siddhartha Vihar,644,57.5,2 bath,2 BHK
NH 24,450,23,2 bath,2 BHK
Indirapuram,1045,51.5,2 bath,2 BHK
Raj Nagar extension,750,34.5,2 bath,2 BHK
Indirapuram,1100,55,2 bath,2 BHK
 Siddhartha Vihar,1175,62.6,2 bath,2 BHK
Crossing Republik,1070,40,2 bath,2 BHK
Indirapuram,950,51,2 bath,2 BHK
Indirapuram,850,53,2 bath,2 BHK
 Vasundhara ,960,41,2 bath,2 BHK
" Antriksh Greens, Indirapuram",2130,95,4 bath,5 BHK
Indirapuram,3100,285,4 bath,5 BHK
" ATS Advantage, Indirapuram",5400,560,4 bath,5 BHK
Ahinsa khand,4500,500,4 bath,5 BHK
Indirapuram,3735,300,4 bath,5 BHK
Niti khand,3201,253,4 bath,5 BHK
Niti khand 2,3713,325,4 bath,5 BHK
 Rajendra Nagar ,4000,250,4 bath,5 BHK
Niti khand 2,2987,224,4 bath,5 BHK
 Vasundhara Sector 12 ,3655,229,4 bath,5 BHK
Indirapuram,7550,395,4 bath,5 BHK
Indirapuram,2852,190,4 bath,5 BHK
NH 24,3400,221,4 bath,5 BHK
Indirapuram,3965,250,4 bath,5 BHK
Indirapuram,4000,160,4 bath,5 BHK
Indirapuram,3700,270,4 bath,5 BHK
Niti khand 2,3100,275,4 bath,5 BHK
Ahinsa khand,3050,348,4 bath,5 BHK
Indirapuram,4000,325,4 bath,5 BHK
 Ahinsa Khand-2,2535,185,4 bath,5 BHK
 Rajendra Nagar Sector 2 ,2790,149,4 bath,5 BHK
 Rajendra Nagar ,4500,280,4 bath,5 BHK
 Rajendra Nagar Sector 2 ,4600,270,4 bath,5 BHK
 Vasundhara Sector 12 ,3200,230,4 bath,5 BHK
Niti khand,2593,240,4 bath,5 BHK
 Wave City ,3526,225,4 bath,5 BHK
 Ahinsa Khand-2,2100,110,4 bath,5 BHK
Niti khand,3250,290,4 bath,5 BHK
 Vaishali Sector 3 ,2691,205,4 bath,5 BHK
" Antriksh Greens, Indirapuram",4000,250,4 bath,5 BHK
" Antriksh Greens, Indirapuram",2130,95,4 bath,5 BHK
Indirapuram,3100,285,4 bath,5 BHK
" ATS Advantage, Indirapuram",5400,560,4 bath,5 BHK
Ahinsa khand,4500,500,4 bath,5 BHK
Indirapuram,3734,300,4 bath,5 BHK
Niti khand,3201,253,4 bath,5 BHK
Niti khand 2,3713,285,4 bath,5 BHK
 Rajendra Nagar ,4000,385,4 bath,5 BHK
Niti khand 2,2987,224,4 bath,5 BHK
 Vasundhara Sector 12 ,3655,229,4 bath,5 BHK
Indirapuram,7550,395,4 bath,5 BHK
Indirapuram,2852,190,4 bath,5 BHK
NH 24,3400,221,4 bath,5 BHK
Indirapuram,3965,285,4 bath,5 BHK
Indirapuram,4000,160,4 bath,5 BHK
Indirapuram,3700,270,4 bath,5 BHK
Niti khand 2,3100,275,4 bath,5 BHK
Ahinsa khand,3050,348,4 bath,5 BHK
Indirapuram,4000,325,4 bath,5 BHK
 Ahinsa Khand-2,2535,185,4 bath,5 BHK
 Rajendra Nagar Sector 2 ,2790,149,4 bath,5 BHK
 Rajendra Nagar ,4500,280,4 bath,5 BHK
 Rajendra Nagar Sector 2 ,4600,270,4 bath,5 BHK
 Vasundhara Sector 12 ,3200,230,4 bath,5 BHK
Niti khand,2667,240,4 bath,5 BHK
 Wave City ,3526,225,4 bath,5 BHK
 Ahinsa Khand-2,2100,110,4 bath,5 BHK
Niti khand,3250,290,4 bath,5 BHK
 Vaishali Sector 3 ,2691,205,4 bath,5 BHK
" Antriksh Greens, Indirapuram",4000,250,4 bath,5 BHK
Indirapuram,3600,260,4 bath,6 BHK
Raj Nagar extension,2900,140,4 bath,6 BHK
 Vaishali Sector 4 ,9500,500,4 bath,6 BHK
"DesignArch Gardenia E homes, in Vaishali ",7000,400,4 bath,6 BHK
Raj Nagar extension,1965,140,4 bath,6 BHK
 Vasundhara Sector 3,2100,110,4 bath,6 BHK
 Vasundhara Sector 3,3600,170,4 bath,6 BHK
 Vijay Nagar ,400,75,4 bath,6 BHK
Pratap Vihar,1200,115,4 bath,6 BHK
 Murad Nagar,1850,50,4 bath,6 BHK
Pratap Vihar,900,77,4 bath,6 BHK
 Baghpat Road,1337,65,4 bath,6 BHK
Naya Ganj,3150,250,4 bath,6 BHK
 Vaishali Sector 9,1973,295,4 bath,6 BHK
 Khora,1200,45,4 bath,6 BHK
 Indirapuram,3000,375,4 bath,6 BHK
 Loni,1485,80,4 bath,6 BHK
 Murad Nagar,1800,110,4 bath,6 BHK
 Vasundhara,3300,250,4 bath,6 BHK
 Adarsh Nagar,124,100,4 bath,6 BHK
Nehru Nagar,3060,350,4 bath,6 BHK
Shastri Nagar,2827,200,4 bath,6 BHK
 Dundahera,720,30,4 bath,6 BHK
 Madhopura,757,35,4 bath,6 BHK
Raj Nagar extension,4000,425,4 bath,6 BHK
Nehru Nagar,5000,400,4 bath,6 BHK
Shastri Nagar,6000,400,4 bath,6 BHK
Kavi Nagar,12942,1200,4 bath,6 BHK
 Vaishali Sector 4,4268,450,4 bath,6 BHK
 Chiranjeev Vihar,1400,165,4 bath,6 BHK
 Rajendra Nagar Sector 5,1890,210,4 bath,6 BHK
 Madhopura,1872,60,4 bath,6 BHK
 Grand Trunk Road ,1620,70,4 bath,6 BHK
 Vasundhara Sector 11,2720,300,4 bath,6 BHK
 Sanjay Nagar,2260,185,4 bath,6 BHK
Govindpuram,90,90,4 bath,6 BHK
 Loni,2700,100,4 bath,6 BHK
 Chiranjeev Vihar,2475,125,4 bath,6 BHK
" Shyam Park Extension, Rajendra Nagar",558,100,4 bath,6 BHK
NH 24,10000,3300,5 bath,7 BHK
 Ram Prastha,800,350,5 bath,7 BHK
Nehru Nagar,1783,280,5 bath,7 BHK
 Rajendra Nagar sector 4,1395,250,5 bath,7 BHK
" Pasaunda, Hindan Residential Area",900,65,5 bath,7 BHK
Govindpuram,960,125,5 bath,7 BHK
Shastri Nagar,5735,700,5 bath,7 BHK
 Chikamberpur,2800,150,5 bath,7 BHK
Shastri Nagar,6200,250,5 bath,7 BHK
 Chhapraula,900,70,5 bath,7 BHK
Shastri Nagar,1206,110,5 bath,7 BHK
Mohan Nagar,2000,160,5 bath,7 BHK
Govindpuram,3150,100,5 bath,7 BHK
 Patel Nagar ,3400,470,5 bath,7 BHK
 Chiranjeev Vihar,3800,250,5 bath,7 BHK
 Raj Bagh,1575,55,5 bath,7 BHK
Indirapuram,3600,260,5 bath,6 BHK
 Vasundhara Sector 3,2100,110,5 bath,6 BHK
 Vasundhara Sector 3,3600,170,5 bath,6 BHK
 Vijay Nagar ,400,75,5 bath,6 BHK
Raj Nagar extension,2900,140,5 bath,6 BHK
Pratap Vihar,1200,115,5 bath,6 BHK
 Murad Nagar,1850,50,5 bath,6 BHK
Pratap Vihar,2000,77,5 bath,6 BHK
 Baghpat Road,1337,65,5 bath,6 BHK
Naya ganj,3150,250,5 bath,6 BHK
 Vaishali Sector 9,1973,295,5 bath,6 BHK
 Khora,1700,45,5 bath,6 BHK
 Indirapuram,3000,375,5 bath,6 BHK
 Loni,2000,80,5 bath,6 BHK
 Murad Nagar,1800,110,5 bath,6 BHK
 Vasundhara,3300,250,5 bath,6 BHK
 Adarsh Nagar,124,100,5 bath,6 BHK
Nehru Nagar,3060,350,5 bath,6 BHK
Shastri Nagar,2827,200,5 bath,6 BHK
Dundahera,720,30,5 bath,6 BHK
 Madhopura,757,35,5 bath,6 BHK
 Lohia Nagar,6300,243,8 bath,8 BHK
Vaishali Sector 3  ,3700,400,8 bath,8 BHK
Shalimar garden,1350,175,8 bath,8 BHK
Ghukna,585,45,8 bath,8 BHK
Nehru Nagar,1800,180,8 bath,8 BHK
 Ka Block,4000,550,8 bath,8 BHK
 Khora,1755,65,8 bath,8 BHK
Ghukna,1080,40,8 bath,8 BHK
Nehru Nagar,4801,300,8 bath,8 BHK
 Bhopura,1248,100,8 bath,8 BHK
Nehru Nagar,3600,400,8 bath,8 BHK
" Pasaunda, Hindan Residential Area",1000,28,8 bath,8 BHK
Shastri Nagar,2700,100,8 bath,8 BHK
Govindpuram,960,125,8 bath,7 BHK
 Ram Prastha,800,350,8 bath,7 BHK
 Rajendra Nagar sector 4,1395,250,8 bath,7 BHK
" Pasaunda, Hindan Residential Area",900,65,8 bath,7 BHK
Nehru Nagar,1783,280,8 bath,7 BHK
Shastri Nagar,6200,250,8 bath,7 BHK
 Dasna,2500,90,8 bath,7 BHK
 Chhapraula,900,70,8 bath,7 BHK
Shastri Nagar,1206,110,8 bath,7 BHK
 Chiranjeev Vihar,3800,250,8 bath,7 BHK
 Chikamberpur,2800,150,8 bath,7 BHK
 Raj Bagh,1575,55,8 bath,7 BHK
Shastri Nagar,5735,700,8 bath,7 BHK
Mohan Nagar,2000,160,8 bath,7 BHK
Govindpuram,3150,100,8 bath,7 BHK
 Patel Nagar ,3400,470,8 bath,7 BHK
"DesignArch Gardenia E homes, in Vaishali ",7000,400,8 bath,9 BHK
 Indirapuram,1195,175,8 bath,9 BHK
Raj Nagar extension,12000,1467,8 bath,9 BHK
Raj Nagar extension,13000,1467,8 bath,9 BHK
 Indirapuram,3622,210,8 bath,9 BHK
Niti khand,3478,295,8 bath,9 BHK
 Morti,900,60,8 bath,9 BHK
Niti khand,3700,182,8 bath,9 BHK
Niti khand,4000,300,8 bath,9 BHK
 Vasundhara Sector 11,4481,310,8 bath,9 BHK
Shastri Nagar,2484,95,8 bath,9 BHK
 Model town east,4750,475,8 bath,9 BHK
 Patel Nagar ,2000,60,8 bath,9 BHK
 Madhopura,2600,110,8 bath,9 BHK
" Old Arya Nagar,Ghaziabad",2565,100,8 bath,9 BHK
 Sanjay Nagar,738,88,8 bath,9 BHK
Shalimar garden,2088,105,8 bath,9 BHK
Pratap Vihar,3585,180,8 bath,9 BHK
 Sain Vihar,972,40,8 bath,9 BHK
Shalimar garden,3000,135,8 bath,9 BHK
Shastri Nagar,5256,400,8 bath,9 BHK
 Lohia Nagar,6300,243,8 bath,8 BHK
Vaishali Sector 3  ,3700,400,8 bath,8 BHK
Shalimar garden,1350,175,8 bath,8 BHK
Ghukna,585,45,8 bath,8 BHK
Nehru Nagar,1800,180,8 bath,8 BHK
 Ka Block,4000,550,8 bath,8 BHK
 Khora,1755,65,8 bath,8 BHK
Ghukna,1080,40,8 bath,8 BHK
Nehru Nagar,4801,300,8 bath,8 BHK
 Bhopura,1248,100,8 bath,8 BHK
Nehru Nagar,3600,400,8 bath,8 BHK
" Pasaunda, Hindan Residential Area",1000,28,8 bath,8 BHK
Shastri Nagar,2700,100,8 bath,8 BHK
  Ghaziabad Road,3150,400,8 bath,10 BHK
  Mahiuddin Pur Kanawni,1791,70,8 bath,10 BHK
  Chhapraula,2400,135,8 bath,10 BHK
  Chhapraula,2400,135,8 bath,10 BHK
 Indirapuram,1205,175,8 bath,9 BHK
Raj Nagar extension,12000,1467,8 bath,9 BHK
Raj Nagar extension,13000,1467,8 bath,9 BHK
 Indirapuram,3622,210,8 bath,9 BHK
Niti khand,3509,295,8 bath,9 BHK
 Morti,900,60,8 bath,9 BHK
" DesignArch Gardenia E homes, Vaishali",7000,400,8 bath,9 BHK
Niti khand,3700,182,8 bath,9 BHK
Niti khand,4000,300,8 bath,9 BHK
 Vasundhara Sector 11,4520,310,8 bath,9 BHK
Shastri Nagar,2484,95,8 bath,9 BHK
 Patel Nagar ,2000,60,8 bath,9 BHK
 Madhopura,2600,110,8 bath,9 BHK
" Old Arya Nagar,Ghaziabad",2565,100,8 bath,9 BHK
 Sanjay Nagar,738,88,8 bath,9 BHK
Shalimar garden,2088,105,8 bath,9 BHK
Pratap Vihar,3616,180,8 bath,9 BHK
Shalimar garden,3000,135,8 bath,9 BHK
Shastri Nagar,5256,400,8 bath,9 BHK
Vaishali,600,38,1 bath,1 BHK
Ahinsa khand,600,28,1 bath,1 BHK
Ankur vihar,450,10.25,1 bath,1 BHK
Nyay khand,190,13,1 bath,1 BHK
Ankur vihar,450,10,1 bath,1 BHK
Vaishali Sector 2,450,26,1 bath,1 BHK
Vrindavan Garden,450,21,1 bath,1 BHK
Shakti Khand,500,16,1 bath,1 BHK
"Vasundhara Sector 1, Ghaziabad",500,19,1 bath,1 BHK
Govindpuram,50,11,1 bath,1 BHK
Indirapuram,500,18,1 bath,1 BHK
Indirapuram,500,23,1 bath,1 BHK
Ankur vihar,510,11,1 bath,1 BHK
 Raj Bagh,450,20,1 bath,1 BHK
Madhuban Bapudham,32,16,1 bath,1 BHK
Vaishali Sector 2,450,20,1 bath,1 BHK
Ankur vihar,510,13,1 bath,1 BHK
Vaishali Sector 2,550,28,1 bath,1 BHK
Madhuban Bapudham,50,19,1 bath,1 BHK
Madhuban Bapudham ,112,48,1 bath,1 BHK
Raj Nagar extension,670,22,1 bath,1 BHK
Raj Nagar extension,695,35,1 bath,1 BHK
Chipiyana Buzurg,585,15.99,1 bath,1 BHK
Madhuban Bapudham,45,13.5,1 bath,1 BHK
Ankur vihar,455,13,1 bath,1 BHK
 Siddhartha Vihar,1000,21,2 bath,2 BHK
Niti khand,900,39.5,2 bath,2 BHK
Sahibabad,900,32,2 bath,2 BHK
Ankur vihar,710,21.5,2 bath,2 BHK
Gyan Khand,800,40,2 bath,2 BHK
Shalimar garden,950,35,2 bath,2 BHK
Ahinsa khand,920,47,2 bath,2 BHK
Indrapuram,73,43,2 bath,2 BHK
Ankur vihar,700,22,2 bath,2 BHK
Indirapuram,850,28.25,2 bath,2 BHK
Vaishali Sector 2,750,37,2 bath,2 BHK
Indirapuram,800,43.5,2 bath,2 BHK
Gyan Khand,645,42.5,2 bath,2 BHK
Shakti Khand 3,900,39.5,2 bath,2 BHK
Gyan Khand,850,39.5,2 bath,2 BHK
 Vaishali Sector 4 ,985,62,2 bath,2 BHK
Shalimar garden,900,36,2 bath,2 BHK
Shalimar garden,950,42,2 bath,2 BHK
Shalimar garden,910,37,2 bath,2 BHK
Shalimar garden,850,35,2 bath,2 BHK
Shalimar garden,125,53,2 bath,2 BHK
Shalimar garden,900,25,2 bath,2 BHK
 Siddhartha Vihar,970,52.2,2 bath,2 BHK
Rajendra nagar,800,38.75,2 bath,2 BHK
Gyan khand,850,38.25,2 bath,2 BHK
Bamheta,885,36.13,2 bath,3 BHK
NH 24,1700,36.52,2 bath,3 BHK
"Vasundhara, Ghaziabad - Furnished",1475,75,2 bath,3 BHK
Vasundhara Sector 1,1456,90,2 bath,3 BHK
Niti khand,1300,67.5,2 bath,3 BHK
Niti khand,1350,65,2 bath,3 BHK
Indirapuram,1250,75,2 bath,3 BHK
Vasundhara Sector 5,85,54,2 bath,3 BHK
Shakti Khand 2,1250,59,2 bath,3 BHK
Niti khand,1300,55,2 bath,3 BHK
 Siddhartha Vihar,1185,45.5,2 bath,3 BHK
Vasundhara Sector 1,1375,57.5,2 bath,3 BHK
"Vasundhara Sector 1, Ghaziabad",1425,78.5,2 bath,3 BHK
"Vasundhara Sector 1, Ghaziabad",1375,67.5,2 bath,3 BHK
Shakti Khand,90,48,2 bath,3 BHK
Raj Nagar extension,1475,75,2 bath,3 BHK
"Vasundhara Sector 15, Ghaziabad",1650,120,2 bath,3 BHK
Vaishali sector 1,1515,85,2 bath,3 BHK
Shalimar garden,200,50,2 bath,3 BHK
Vaishali sector 1,1390,78,2 bath,3 BHK
 Vasundhara Sector 12 ,2100,170,2 bath,3 BHK
Indirapuram,1300,75,2 bath,3 BHK
Indirapuram,90,62,2 bath,3 BHK
Indirapuram,78,48,2 bath,3 BHK
Indirapuram,90,60,2 bath,3 BHK
Niti khand,200,160,3 bath,4 BHK
Vasundhara Sector 14,288,275,3 bath,5 BHK
Niti khand,220,180,3 bath,4 BHK
Vasundhara Sector 3,1800,135,3 bath,4 BHK
Vaibhav Khand,2500,145,3 bath,4 BHK
Indirapuram,3800,300,3 bath,5 BHK
Niti khand,2520,220,3 bath,4 BHK
Vasundhara,1950,110,3 bath,4 BHK
Raj Nagar extension,1775,92,3 bath,4 BHK
Indirapuram,145,96,3 bath,4 BHK
Indirapuram,220,178,3 bath,4 BHK
Indirapuram,175,95,3 bath,4 BHK
Indirapuram,2800,250,3 bath,5 BHK
Rajendra Nagar,300,150,3 bath,5 BHK
Indrapuram,2550,225,3 bath,4 BHK
"Rajendra Nagar Sector 2, Ghaziabad",1700,89,3 bath,4 BHK
"Vasundhara Sector 10, Ghaziabad",1600,60,3 bath,4 BHK
Indirapuram,3000,250,3 bath,4 BHK
Vasundhara,300,248,3 bath,5 BHK
Vaishali Sector 3  ,1680,123,3 bath,4 BHK
Vasundhara,2450,110,3 bath,4 BHK
Indirapuram,2370,220,3 bath,4 BHK
Ahinsa khand,4200,315,3 bath,5 BHK
Vasundhara Sector 1,1890,90,3 bath,4 BHK
"Vasundhara, Ghaziabad - Furnished",2450,90,3 bath,5 BHK
Bamheta,885,36.13,2 bath,3 BHK
NH 24,1700,36.52,2 bath,3 BHK
 Siddhartha Vihar,1000,21,2 bath,2 BHK
Niti khand,900,39.5,2 bath,2 BHK
"Vasundhara, Ghaziabad - Furnished",1475,75,2 bath,3 BHK
Vasundhara,1456,90,2 bath,3 BHK
Niti khand,1300,67.5,2 bath,3 BHK
Niti khand,1350,65,2 bath,3 BHK
Niti khand,200,160,2 bath,4 BHK
Sahibabad,900,32,2 bath,2 BHK
Indrapuram,1250,75,2 bath,3 BHK
Vasundhara Sector 14,288,275,2 bath,5 BHK
Vasundhara Sector 5,85,54,2 bath,3 BHK
Vaishali,600,38,2 bath,1 BHK
Shakti Khand 2,1250,59,2 bath,3 BHK
Niti khand,1300,55,2 bath,3 BHK
Ankur vihar,710,21.5,2 bath,2 BHK
Gyan khand,800,40,2 bath,2 BHK
Vasundhara Sector 1,1375,57.5,2 bath,3 BHK
Shalimar garden,950,35,2 bath,2 BHK
Ahinsa khand,600,28,2 bath,1 BHK
Ahinsa khand,920,47,2 bath,2 BHK
Indrapuram,73,43,2 bath,2 BHK
Ankur vihar,450,10.25,2 bath,1 BHK
Ankur vihar,700,22,2 bath,2 BHK
pandav nagar,1340,49,2 Baths,3 BHK
 Wave City ,1125,57,2 Baths,3 BHK
Vasundhara,750,34.75,2 Baths,2 BHK
Vasundhara,1450,80,3 Baths,3 BHK
Dundahera,675,25,2 Baths,2 BHK
Raj Nagar extension,960,36,2 Baths,2 BHK
Dundahera,1660,58,3 Baths,3 BHK
Bamheta,850,27.5,2 Baths,2 BHK
Raj Nagar extension,619,23,1 Bath,1 BHK
NH 24 ,1240,32,2 Baths,2 BHK
Vaishali sector 1,2200,160,4 Baths,4 BHK
NH 24,1425,60,2 Baths,2 BHK
 Siddhartha Vihar,770,45,2 Baths,2 BHK
Ahinsa khand,1110,65,2 Baths,2 BHK
 Wave City ,900,32,2 Baths,2 BHK
 Vaishali Sector 4 ,1200,110,2 Baths,2 BHK
 Mahagunpuram,1680,70,4 Baths,4 BHK
Raj Nagar extension,1300,70,2 Baths,3 BHK
Raj Nagar extension,980,33,2 Baths,2 BHK
Shalimar garden,1200,60,2 Baths,3 BHK
Crossing Republik,1655,60,2 Baths,3 BHK
Raj Nagar extension,628,22.5,1 Bath,1 BHK
Indirapuram,960,51,2 Baths,2 BHK
Shalimar garden,675,18.9,1 Bath,1 BHK
shalimar garden,900,42,2 Baths,3 BHK
Raj Nagar extension,670,24.5,1 bath,1 BHK
Raj Nagar extension,628,20.48,1 bath,1 BHK
Ankur vihar,450,11,1 bath,1 BHK
Ankur vihar,450,11.5,1 bath,1 BHK
Ankur vihar,450,12,1 bath,1 BHK
Ankur vihar,450,10.9,1 bath,1 BHK
 Wave City ,540,21,1 bath,1 BHK
Shastri Nagar,550,12.95,1 bath,1 BHK
Shakti Khand,600,19.95,1 bath,1 BHK
Vaishali sector 2,550,27.51,1 bath,1 BHK
Govindpuram,500,10.5,1 bath,1 BHK
vasundhara sector 3,580,22.9,1 bath,1 BHK
Shalimar garden,450,23,1 bath,1 BHK
Shalimar garden,550,20,1 bath,1 BHK
Shakti Khand,650,27,1 bath,1 BHK
Raj Nagar extension,875,35,1 bath,1 BHK
Crossing Republik,1525,51.05,1 bath,1 BHK
Vasundhara sector 1,650,23,1 bath,1 BHK
 Wave City ,580,20.5,1 bath,1 BHK
"Chhapraula, Ghaziabad",700,21,1 bath,1 BHK
Raj Nagar extension,1040,28.6,1 bath,2 BHK
 Ahinsa Khand 2,1255,55,1 bath,2 BHK
Crossing Republik,1063,32.72,1 bath,2 BHK
 Pilkhuwa ,670,13.33,1 bath,2 BHK
Vasundhara Sector-1 Near Amity International School,1040,28.6,1 bath,2 BHK
Raj Nagar extension,1170,32.7,1 bath,2 BHK
Vasundhara Near Vidyarthi Academy,1053,55.7,1 bath,2 BHK
Govindpuram,1084,29.58,1 bath,2 BHK
Raj Nagar extension,1120,34.16,1 bath,2 BHK
pandav nagar,1135,35.5,1 bath,2 BHK
Masuri,450,9.22,2 bath,1 BHK
NH 24,900,21.69,2 bath,2 BHK
NH 24,735,27,2 bath,2 BHK
Masuri,900,18.45,2 bath,2 BHK
Surajpur Kasna Road ,955,26,2 bath,2 BHK
"3 BHKFlat for sale, Airport Road",1906,72,2 bath,3 BHK
"Sector 1, GreaterNoida",1710,53.86,2 bath,3 BHK
"Sikka Kaamna Greens, Sector-143, Noida",1315,78.9,2 bath,2 BHK
 Siddhartha Vihar,750,10,2 bath,2 BHK
NH 24,900,26,2 bath,2 BHK
Shahberi,450,10,2 bath,1 BHK
Shahberi,883,37,2 bath,1 BHK
Indirapuram,850,42,2 bath,2 BHK
indrapuram,700,25,1 bath,1 BHK
Indirapuram,1050,52.5,2 bath,2 BHK
Indirapuram,720,38,2 bath,2 BHK
indrapuram,850,37.5,2 bath,2 BHK
vasundhara,1275,50,2 bath,3 BHK
Vaishali,950,50,2 bath,2 BHK
Indirapuram,800,34,2 bath,2 BHK
Indirapuram,1350,75,2 bath,3 BHK
Naya Ganj,400,20.95,2 bath,2 BHK
Indrapuram,1200,170,2 bath,3 BHK
vasundhara,850,32,2 bath,2 BHK
Gyan Khand,850,35,2 bath,2 BHK
Vasundhara,1280,54,2 bath,3 BHK
Old Ghaziabad,850,210,2 bath,3 BHK
Shalimar garden,410,15,1 bath,1 BHK
Loni,400,9,2 bath,1 BHK
Mohan Nagar,1410,51,2 bath,3 BHK
Mohan Nagar,1510,55.25,2 bath,2 BHK
Turab Nagar,750,13.39,2 bath,2 BHK
Loni,750,14,2 bath,2 BHK
Sahibabad,700,24.5,2 bath,1 BHK
Loni,800,14.18,2 bath,2 BHK
Ghandi Nagar,728,29.4,2 bath,2 BHK
DLF Dilshad,400,9.85,1 bath,1 BHK
Loni,400,10.2,2 bath,1 BHK
Bhopura,324,11.5,2 bath,1 BHK
 Pilkhuwa ,470,7.14,1 bath,1 BHK
Bhopura,600,21.25,2 bath,1 BHK
Bhopura,450,12.6,1 bath,1 BHK
Crossing Republik,2250,95,4 bath,4 BHK
Crossing Republik,1050,37.5,2 bath,2 BHK
Crossing Republik,1530,55,3 bath,3 BHK
Crossing Republik,1190,43,2 bath,2 BHK
Crossing Republik,1350,70,2 bath,3 BHK
Crossing Republik,1680,65.65,2 bath,3 BHK
Old Ghaziabad,850,210,2 bath,3 BHK
Lal Kuan,720,28,2 bath,2 BHK
Lal Kuan,360,15.5,1 bath,1 BHK
Lal Kuan,520,22,1 bath,2 BHK
Lal Kuan,570,27,2 bath,2 BHK
Lal Kuan,540,21,2 bath,2 BHK
Lal Kuan,580,25,2 bath,2 BHK
Lal Kuan,450,19,1 bath,1 BHK
Lal Kuan,850,39,2 bath,3 BHK
Lal Kuan,540,29,2 bath,2 BHK
Lal Kuan,1120,40,2 bath,3 BHK
Lal Kuan,800,37,2 bath,2 BHK
Lal Kuan,640,45.2,2 bath,2 BHK
Lal Kuan,1350,63,3 bath,4 BHK
Lal Kuan,720,36,2 bath,3 BHK
Lal Kuan,612,32,2 bath,2 BHK
Lal Kuan,605,29,2 bath,2 BHK
Kavi Nagar,4280,309,2 bath,4 BHK
Lal Kuan,950,28,2 bath,3 BHK
Lal Kuan,950,45,2 bath,3 BHK
Lal Kuan,910,28,2 bath,3 BHK
Lal Kuan,675,22,2 bath,2 BHK
Lal Kuan,495,19,1 bath,1 BHK
Lal Kuan,620,21,2 bath,2 BHK
NH 58,610,20.19,1 bath,1 BHK
Old Ghaziabad,850,210,2 bath,3 BHK
Sadarpur,753,29.25,2 bath,2 BHK
Kavi Nagar,4280,309,2 bath,4 BHK
Raj Nagar extension,1230,53,2 bath,2 BHK
Raj Nagar extension,1140,45,2 bath,3 BHK
Raj Nagar extension,925,38,2 bath,2 BHK
Vijai Nagar,800,33,2 bath,2 BHK
Raj Nagar extension,1180,45,2 bath,2 BHK
Raj Nagar extension,1180,45,2 bath,2 BHK
Lohia Nagar,3500,210,3 bath,3 BHK
Raj Nagar extension,800,34,2 bath,2 BHK
Raj Nagar extension,890,39,2 bath,2 BHK
Raj Nagar extension,930,31,2 bath,2 BHK
Raj Nagar extension,3900,750,2 bath,3 BHK
Raj Nagar extension,1066,43,2 bath,2 BHK
Ankur vihar,450,11,1 bath,1 BHK
NH 24,585,15.99,1 bath,1 BHK
Shalimar garden,500,19,1 bath,1 BHK
NH 24,610,20.25,1 bath,1 BHK
 Wave City ,581,16,1 bath,1 BHK
 Siddhartha Vihar,517,21.25,1 bath,1 BHK
"Rajendra Nagar, Ghaziabad",580,27,1 bath,1 BHK
Raj Nagar extension,342,20,1 bath,1 BHK
NH 24,530,16,1 bath,1 BHK
 Vaishali Sector 2A,500,28,1 bath,1 BHK
Nyay khand,450,16,1 bath,1 BHK
"Indirapuram, Rail Vihar, Ghaziabad",450,10,1 bath,1 BHK
Raj Nagar extension,785,21,1 bath,1 BHK
Vasundhara Sector 3,500,29,1 bath,1 BHK
Sadarpur,288,1,1 bath,1 BHK
Nyay khand,377,20,1 bath,1 BHK
Ankur vihar,750,18.5,1 bath,1 BHK
 Rajendra Nagar sector 4,204,18,1 bath,1 BHK
NH 24,585,20,1 bath,1 BHK
Ankur vihar,530,7,1 bath,1 BHK
Niti khand,600,24.75,1 Bath,1 BHK
Shakti Khand 3,600,22.75,1 Bath,1 BHK
Lal Kuan ,950,25.5,2 Baths,3 BHK
Niti khand,1250,63.45,2 Baths,3 BHK
Shakti Khand 3 ,2200,160,3 Baths,4 BHK
Vasundhara,1750,81,2 Baths,3 BHK
 Vasundhara Sector 12 ,1400,130,3 Baths,3 BHK
Vasundhara Sector 1,1000,95,2 Baths,3 BHK
Indirapuram,1350,60,2 Baths,3 BHK
Shakti Khand 2,1750,148,3 Baths,4 BHK
NH 24,850,39.49,2 Baths,2 BHK
Vaishali sector 4,2500,105,3 Baths,3 BHK
Vaishali sector 4,2300,210,3 Baths,4 BHK
NH 91,2000,160,3 Baths,4 BHK
Indirapuram,1500,90,3 Baths,3 BHK
Vasundhara ,1350,55,2 Baths,3 BHK
Vasundhara sector 1,945,45,2 Baths,3 BHK
Indirapuram,1800,115,3 Baths,4 BHK
Indirapuram,2500,190,4 Baths,4 BHK
Vasundhara ,2000,155,3 Baths,4 BHK
Vaishali sector 6,1050,42,2 Baths,2 BHK
Vaishali sector 4,1400,72,2 Baths,3 BHK
Vasundhara ,1400,42,2 Baths,2 BHK
"Ghaziabad, Ghaziabad District",1378,75,3 Baths,3 BHK
"Ghaziabad, Ghaziabad District",1500,90,2 Baths,3 BHK
Vasundhara,950,47.4,2 Baths,2 BHK
Niti khand,1450,65.21,3 Baths,3 BHK
vijay nagar,2400,138,3 Baths,3 BHK
vijay nagar,1500,68,3 Baths,5 BHK
vijay nagar,1782,200,2 Baths,3 BHK
"Sector 1 , Indarapuram, Ghaziabad",1350,60.51,2 Baths,3 BHK
Niti khand,1450,87.98,2 Baths,3 BHK
Vasundhara,1100,68.51,3 Baths,3 BHK
Shakti Khand 3 ,950,26.99,2 Baths,2 BHK
NH 91,1060,26.5,2 Baths,2 BHK
"Ghaziabad, Ghaziabad District",2000,190,3 Baths,4 BHK
Shakti Khand,1050,54.21,2 Baths,2 BHK
vijay nagar,925,35,2 Baths,2 BHK
Niti khand,1450,63.51,2 Baths,3 BHK
Niti khand,1420,66,3 Baths,3 BHK
 Vasundhara Sector 12 ,1550,85,3 Baths,3 BHK
Vasundhara Sector 5,1300,43.67,2 Baths,3 BHK
Indirapuram,1400,75,2 Baths,3 BHK
Raj Nagar extension,2350,55,4 Baths,5 BHK
Indirapuram,1410,75,2 Baths,3 BHK
Vasundhara,1800,118,3 Baths,4 BHK
Vasundhara ,900,42,2 Baths,2 BHK
"Ghaziabad, Ghaziabad District",1800,87,1 Bath,1 BHK
Gyan Khand,1000,48.51,2 Baths,2 BHK
Niti khand,1500,80.99,3 Baths,3 BHK
Indirapuram,2500,135,3 Baths,4 BHK
Vasundhara,2250,148,3 Baths,4 BHK
Indirapuam ,3850,270,5 Baths,5 BHK
Indirapuram,2550,178,4 Baths,4 BHK
Gyankhand,900,45,2 Baths,2 BHK
Vasundhara,1650,98,3 Baths,4 BHK
Indirapuram,1320,70.5,2 Baths,3 BHK
NH 91,950,38.75,2 Baths,2 BHK
NH 91,900,51.51,2 Baths,2 BHK
Indirapuram,1300,78,2 Baths,3 BHK
Indirapuram,1400,80,2 Baths,3 BHK
Indirapuram,2425,188,3 Baths,4 BHK
Vasundhara,600,135,4 Baths,8 BHK
"Ghaziabad, Ghaziabad District",1000,49,2 Baths,2 BHK
"PARISHA HOMES, Lal Kuan,",870,36,2 Baths,2 BHK
"Ghaziabad, Ghaziabad District",1100,58,2 Baths,3 BHK
Sahibabad,7200,450,4 Baths,5 BHK
"Ghaziabad, Gautam Buddh Nagar District",504,19.7,1 Bath,1 BHK
"Ghaziabad, Ghaziabad District",9500,290,9 Baths,10 BHK
 Vaishali Sector 4 ,1450,69,2 Baths,3 BHK
"Ghaziabad, Gautam Buddh Nagar District",2400,131,4 Baths,5 BHK
 Wave City ,900,36,2 Baths,3 BHK
 Wave City ,899,37.89,2 Baths,3 BHK
 Vasundhara Sector 12 ,1540,75,1 Bath,4 BHK
Niti khand,1020,28.75,2 Baths,2 BHK
Niti khand,1240,71.55,2 Baths,3 BHK
Vasundhara sector 10,1850,105,3 Baths,4 BHK
vijay nagar,780,30,1 Bath,1 BHK
Vasundhara,1600,48.4,2 Baths,3 BHK
Niti khand,1550,86.51,2 Baths,3 BHK
Niti khand,650,19.99,1 Bath,1 BHK
Shakti Khand ,1800,105,3 Baths,4 BHK
Niti khand,1050,35.99,1 Bath,2 BHK
Vasundhara,1354,72.9,3 Baths,3 BHK
Shakti Khand 2,1020,33.99,2 Baths,2 BHK
Niti khand,1205,86.21,3 Baths,3 BHK
Mansarovar Park Lal Kuan Ghaziabad,504,21,1 Bath,1 BHK
Shakti Khand,1250,44.85,3 Baths,3 BHK
Shakti Khand,1380,63.75,3 Baths,3 BHK
 Wave City ,1475,58.6,2 Baths,3 BHK
Vasundhara Sector 5,2700,115,4 Baths,4 BHK
 Wave City ,1284,61,3 Baths,3 BHK
 Wave City ,1284,61,3 Baths,3 BHK
Niti khand,2400,199,4 Baths,4 BHK
Shakti Khand 2,1400,115,3 Baths,4 BHK
Shakti Khand 3,1500,115,3 Baths,4 BHK
Vasundhara Sector 5,2700,115,3 Baths,4 BHK
Vasundhara sector 1,900,41.98,2 Baths,2 BHK
Niti khand,2960,249,5 Baths,5 BHK
Vasundhara Sector 5,1450,67.8,2 Baths,3 BHK
Shakti Khand 2,2000,115,3 Baths,4 BHK
Vasundhara sector 13,1150,59.15,2 Baths,3 BHK
Niti khand,1310,48.75,2 Baths,3 BHK
Shakti Khand ,2200,136,4 Baths,4 BHK
Niti khand,2400,130,4 Baths,4 BHK
Niti khand,2400,130,4 Baths,4 BHK
Gyan khand,1346,125,3 Baths,3 BHK
Shakti Khand 3,2200,135,4 Baths,4 BHK
vasundhara sector 3,1025,37.35,2 Baths,2 BHK
"Ghaziabad, Ghaziabad District",1200,38,3 Baths,3 BHK
"Ghaziabad, Ghaziabad District",500,18.6,1 Bath,1 BHK
Vasundhara Sector 5,1800,98,3 Baths,4 BHK
"Ghaziabad, Ghaziabad District",290,18,1 Bath,1 BHK
Niti khand,2450,225,4 Baths,4 BHK
Gyan Khand,1350,54.95,2 Baths,3 BHK
Vasundhara,1300,78.6,3 Baths,3 BHK
NH 91,1200,55,2 Baths,3 BHK
Vaishali sector 4,2250,158,4 Baths,4 BHK
"Ghaziabad, Ghaziabad District",850,37,2 Baths,2 BHK
Vasundhara,1950,113,3 Baths,4 BHK
Vasundhara,1800,92.1,3 Baths,4 BHK
Vasundhara,2150,118,4 Baths,4 BHK
Vasundhara,1420,48.5,3 Baths,3 BHK
Raj Nagar extension,2000,120,3 Baths,3 BHK
Indirapuram,2200,160,3 Baths,4 BHK
Vasundhara,1700,83,3 Baths,3 BHK
Indirapuram,1205,64,2 Baths,3 BHK
Vaishali sector 4,1380,95.5,2 Baths,3 BHK
Indirapuram,1410,75.15,2 Baths,3 BHK
Indirapuram,1350,56,2 Baths,3 BHK
Indirapuram,1425,80,2 Baths,3 BHK
Shakti khand 4,1204,70,3 Baths,3 BHK
Shakti Khand,1205,70,3 Baths,3 BHK
Shakti Khand,1205,70.1,3 Baths,3 BHK
Vasundhara,3480,275,5 Baths,5 BHK
Vasundhara ,3450,270,5 Baths,5 BHK
Vasundhara,2950,275,4 Baths,5 BHK
Indirapuram,2785,210,4 Baths,4 BHK
Vasundhara,810,39.5,2 Baths,2 BHK
Lal Kuan,870,18.1,2 Baths,2 BHK
Vaishali Sector 3  ,350,15.5,1 Bath,1 BHK
vijay nagar,1950,110,3 Baths,4 BHK
Vaishali Sector 3  ,350,15.5,1 Bath,1 BHK
Govindpuram,100,35.5,2 Baths,3 BHK
Vasundhara ,1500,73.5,2 Baths,3 BHK
Indirapuram,1415,70,2 Baths,3 BHK
"Ghaziabad, Ghaziabad District",1377,42,2 Baths,3 BHK
Indirapuram,1700,91,3 Baths,3 BHK
"Ghaziabad, Ghaziabad District",760,27.25,1 Bath,2 BHK
Vasundhara Sector 14,3800,225,4 Baths,10 BHK
Vaishali Sector 3,1700,125,3 Baths,3 BHK
 Vaishali Sector 4 ,1200,58,2 Baths,3 BHK
Vaishali Sector 3,700,27,1 Bath,1 BHK
Vasundhara Sector 5,1100,56,2 Baths,3 BHK
Vasundhara,2100,140,4 Baths,4 BHK
Vasundhara,1900,130,3 Baths,4 BHK
Vasundhara,1400,70,3 Baths,3 BHK
Sai Garden Chipiyana Ghaziabad,904,32.91,2 Baths,2 BHK
Vasundhara,2200,200,3 Baths,4 BHK
"Rajendra Nagar, Rajendra Nagar, Ghaziabad, Ghaziabad District, Ghaziabad District",2200,225,3 Baths,6 BHK
Niti khand,2500,230,4 Baths,4 BHK
Niti khand,2500,210,4 Baths,4 BHK
Mansarovar Park Lal Kuan Ghaziabad,815,32,2 Baths,2 BHK
Mansarovar Park Lal Kuan Ghaziabad,560,21.75,1 Bath,1 BHK
Vasundhara,1400,70,3 Baths,3 BHK
NH 91,2200,145,4 Baths,4 BHK
Sai Garden Chipiyana Ghaziabad,937,34.27,2 Baths,2 BHK
"Chipiyana Buzurg, Chipiyana Buzurg, Ghaziabad, Gautam Buddh Nagar District, Gautam Buddh Nagar District",715,28.01,2 Baths,2 BHK
"Chipiyana Buzurg, Chipiyana Buzurg, Ghaziabad, Gautam Buddh Nagar District, Gautam Buddh Nagar District",902,32.15,2 Baths,2 BHK
Mansarovar Park Lal Kuan Ghaziabad,451,19.39,1 Bath,1 BHK
Vasundhra,1400,85,3 Baths,3 BHK
"Chipiyana Buzurg, Chipiyana Buzurg, Ghaziabad, Gautam Buddh Nagar District, Gautam Buddh Nagar District",602,23.789,2 Baths,2 BHK
Sai Enclave Chipiyana Ghaziabad,850,34.5,2 Baths,2 BHK
Mansarovar Park Lal Kuan Ghaziabad,735,27,1 Bath,2 BHK
Niti khand,2500,135,4 Baths,4 BHK
 Vasundhara Sector 11,1434,76.5,3 Baths,3 BHK
Vasundhara Sector 5,1200,79.65,2 Baths,3 BHK
Vaishali Sector 3  ,1800,131,3 Baths,4 BHK
vasundhara sector 3,1400,67.1,2 Baths,3 BHK
"Vasundhara, Vasundhara, Ghaziabad, Ghaziabad District, Ghaziabad District",2600,104,3 Baths,4 BHK
Vasundhara sector 2b,1250,45.79,2 Baths,3 BHK
Vasundhara sector 9,1440,310,3 Baths,3 BHK
Vasundhara Sector 1 ,1475,72.51,3 Baths,3 BHK
"Lal Kuan, Lal Kuan, Ghaziabad, Ghaziabad District, Ghaziabad District",1080,39,2 Baths,4 BHK
"Vasundhara, Vasundhara, Ghaziabad, Ghaziabad District, Ghaziabad District",1000,42,2 Baths,2 BHK
"Lal Kuan, Lal Kuan, Ghaziabad, Ghaziabad District, Ghaziabad District",540,18.5,1 Bath,2 BHK
"Lal Kuan, Lal Kuan, Ghaziabad, Ghaziabad District, Ghaziabad District",540,15.99,1 Bath,2 BHK
"Lal Kuan, Lal Kuan, Ghaziabad, Ghaziabad District, Ghaziabad District",540,17.99,2 Baths,2 BHK
Raj Nagar extension,1800,120,3 Baths,5 BHK
Raj Nagar extension,1706,64,3 Baths,3 BHK
Raj Nagar extension,1890,73.5,4 Baths,4 BHK
"Vasundara, Vasundhara, Vasundhara, Ghaziabad, Ghaziabad District, Ghaziabad District",1320,58,2 Baths,6 BHK
Vasundhara sector 13,1300,58.5,2 Baths,3 BHK
 Vaishali Sector 4 ,1475,75.89,2 Baths,3 BHK
"Vasundara, Vasundhara, Vasundhara, Ghaziabad, Ghaziabad District, Ghaziabad District",2260,152,4 Baths,4 BHK
"Lal Kua, Lal Kuan, Lal Kuan, Ghaziabad, Ghaziabad District, Ghaziabad District",405,15.9,1 Bath,2 BHK
Vaishali sector 4,1775,123,3 Baths,4 BHK
Vaishali sector 6,2600,130,4 Baths,4 BHK
 Vaishali Sector 4 ,1500,230,2 Baths,2 BHK
"Vaishali, Vaishali, Ghaziabad, Ghaziabad District, Ghaziabad District",2000,125,3 Baths,4 BHK
Niti khand,1245,80,2 Baths,3 BHK
"Vaishali, Vaishali, Vaishali, Ghaziabad, Ghaziabad District, Ghaziabad District",3000,130,4 Baths,4 BHK
"Indirapuram, Indirapuram, Ghaziabad, Ghaziabad District, Ghaziabad District",850,32,1 Bath,2 BHK
"Vasundhara, Vasundhara, Ghaziabad, Ghaziabad District, Ghaziabad District",1400,75,3 Baths,4 BHK
"Vasundhara, Vasundhara, Ghaziabad, Ghaziabad District, Ghaziabad District",1400,75,3 Baths,4 BHK
"Lal Kuan, Lal Kuan, Ghaziabad, Ghaziabad District, Ghaziabad District",900,38,4 Baths,6 BHK
Gyan Khand,850,35.1,2 Baths,2 BHK
Shakti Khand 3,850,38.51,2 Baths,2 BHK
Vaishali sector 4,1520,82,2 Baths,3 BHK
"Bulandshahr Road Industrial Area, Bulandshahr Road Industrial Area, Ghaziabad, Ghaziabad District, Ghaziabad District",1800,75,3 Baths,4 BHK
Shakti khand 4,1204,57.5,3 Baths,3 BHK
Shakti Khand,1204,61.5,3 Baths,3 BHK
Vasundhara,1150,45,2 Baths,3 BHK
Vasundhara,1450,56.9,2 Baths,3 BHK
NH 91,1700,106,3 Baths,4 BHK
Niti khand,1250,65,2 Baths,3 BHK
Vasundhara,1355,50,2 Baths,3 BHK
Gyan Khand 1,1075,46.51,2 Baths,2 BHK
Gyan Khand 2 ,1575,89.79,3 Baths,3 BHK
Gyan Khand 1,1275,57.51,2 Baths,3 BHK
Shakti Khand 2 ,1375,68.51,2 Baths,3 BHK
Vasundhara,2100,98.5,3 Baths,12 BHK
Vasundhara Sector 1 ,1325,65.75,2 Baths,3 BHK
Niti khand,2500,190,4 Baths,4 BHK
Shakti Khand  ,1205,82,3 Baths,3 BHK
 Vaishali Sector 4 ,1415,78,2 Baths,3 BHK
 Vasundhara Sector 12 ,2475,165,4 Baths,4 BHK
Indirapuram,1205,61.9,3 Baths,3 BHK
Vasundhara,1740,95,3 Baths,4 BHK
"Vasundhara, Vasundhara, Ghaziabad, Ghaziabad District, Ghaziabad District",1350,85,2 Baths,3 BHK
Shakti khand 4,1205,90,3 Baths,3 BHK
"Vasundhara, Vasundhara, Ghaziabad, Ghaziabad District, Ghaziabad District",890,63,2 Baths,3 BHK
NH 91,1646,72.8,2 Baths,3 BHK
Vasundhara,1075,44.51,2 Baths,2 BHK
Vasundhara,1580,75.5,2 Baths,3 BHK
Shakti Khand,1600,150,3 Baths,4 BHK
Shakti Khand ,1500,62,2 Baths,3 BHK
"Vasundhara, Vasundhara, Ghaziabad, Ghaziabad District, Ghaziabad District",1486,76,3 Baths,3 BHK
"Vasundhara, Vasundhara, Ghaziabad, Ghaziabad District, Ghaziabad District",2261,211,4 Baths,4 BHK
"Vasundhara, Vasundhara, Ghaziabad, Ghaziabad District, Ghaziabad District",850,56,2 Baths,3 BHK
Vasundhara Sector 1 ,1150,44.91,2 Baths,3 BHK
Vasundhara sector 13,3000,400,3 Baths,3 BHK
Vaishali,1200,67.8,2 Baths,3 BHK
Vasundhara sector 13,3000,400,3 Baths,3 BHK
Vasundhara sector 13,3000,390,3 Baths,3 BHK
"Vasundhara, Vasundhara, Ghaziabad, Ghaziabad District, Ghaziabad District",850,58,2 Baths,3 BHK
Lal Kuan Ghaziabad Mansarover Park,800,41.5,2 Baths,2 BHK
"Vasundhara, Vasundhara, Ghaziabad, Ghaziabad District, Ghaziabad District",883,56,2 Baths,3 BHK
"Vasundhara, Vasundhara, Ghaziabad, Ghaziabad District, Ghaziabad District",1745,146,3 Baths,4 BHK
"Vasundhara, Vasundhara, Ghaziabad, Ghaziabad District, Ghaziabad District",550,91,6 Baths,6 BHK
Crossing Republik,1525,51.05,1 Bath,1 BHK
"Vasundhara, Vasundhara, Ghaziabad, Ghaziabad District, Ghaziabad District",1743,80,2 Baths,4 BHK
"Vasundhara, Vasundhara, Ghaziabad, Ghaziabad District, Ghaziabad District",1700,95.6,2 Baths,3 BHK
Crossing Republik,855,41,1 Bath,1 BHK
"Indirapuram, Indirapuram, Ghaziabad, Ghaziabad District, Ghaziabad District",1325,69.51,3 Baths,3 BHK
Vasundhara,1700,95,3 Baths,4 BHK
Vaishali sector 6,950,51,2 Baths,2 BHK
Raj Nagar extension,639,28.4,2 Baths,2 BHK
"Vaishali, Vaishali, Ghaziabad, Ghaziabad District, Ghaziabad District",1300,80.5,2 Baths,3 BHK
Vasundhara Sector 1,980,120,2 Baths,2 BHK
Kavi Nagar,3150,160,3 Baths,4 BHK
"Indirapuram, Indirapuram, Ghaziabad, Ghaziabad District, Ghaziabad District",1900,95,4 Baths,4 BHK
"Vasundhara, Vasundhara, Ghaziabad, Ghaziabad District, Ghaziabad District",2152,175,4 Baths,4 BHK
"Indirapuram, Indirapuram, Ghaziabad, Ghaziabad District, Ghaziabad District",1000,45,2 Baths,2 BHK
"Chipiyana Buzurg, Chipiyana Buzurg, Ghaziabad",790,32.5,1 Bath,2 BHK
"Vasundhara, Vasundhara, Ghaziabad, Ghaziabad District, Ghaziabad District",1400,75.4,2 Baths,3 BHK
"Vasundhara, Vasundhara, Ghaziabad, Ghaziabad District, Ghaziabad District",1100,46.5,2 Baths,2 BHK
"Indirapuram, Indirapuram, Ghaziabad, Ghaziabad District, Ghaziabad District",1800,81,4 Baths,4 BHK
"Vasundhara, Vasundhara, Ghaziabad, Ghaziabad District, Ghaziabad District",1250,53.5,2 Baths,3 BHK
"Indirapuram, Indirapuram, Ghaziabad, Ghaziabad District, Ghaziabad District",1400,50,2 Baths,3 BHK
"Vasundhara, Vasundhara, Ghaziabad, Ghaziabad District, Ghaziabad District",1490,78.6,3 Baths,6 BHK
"Vasundhara, Vasundhara, Ghaziabad, Ghaziabad District, Ghaziabad District",930,37,2 Baths,2 BHK
"Vasundhara, Vasundhara, Ghaziabad, Ghaziabad District, Ghaziabad District",1350,66.7,2 Baths,3 BHK
"Vasundhara, Vasundhara, Ghaziabad, Ghaziabad District, Ghaziabad District",1350,62.5,2 Baths,3 BHK
"Indirapuram, Indirapuram, Ghaziabad, Ghaziabad District, Ghaziabad District",1800,130,3 Baths,4 BHK
"Vasundhara, Vasundhara, Ghaziabad, Ghaziabad District, Ghaziabad District",1300,62.8,2 Baths,3 BHK
"Vasundhara, Vasundhara, Ghaziabad, Ghaziabad District, Ghaziabad District",1550,106,2 Baths,3 BHK
Vaishali sector 4,1100,53,2 Baths,2 BHK
Vasundhara Sector 14,3800,214,5 Baths,5 BHK
 Vasundhara Sector 12 ,2000,165,3 Baths,4 BHK
Vasundhara Sector 5,798,25.66,2 Baths,2 BHK
Vasundhara sector 2b,1950,94.6,3 Baths,4 BHK
Vasundhara Sector 1,1350,62,3 Baths,3 BHK
Vasundhara sector 2b,1475,49.5,2 Baths,3 BHK
Vasundhara Sector 1,950,43,2 Baths,2 BHK
Vasundhara sector 3,975,42.9,2 Baths,80 BHK
Vasundhara sector 2b,925,28.8,1 Bath,2 BHK
Vaishali sector 1,1000,55,2 Baths,2 BHK
vasundhara sector 3,950,40.21,2 Baths,2 BHK
Vasundhara sector 11,925,44.9,2 Baths,2 BHK
Vasundhara sector 1,950,34.5,2 Baths,2 BHK
Vasundhara sector 1,1625,64.5,2 Baths,3 BHK
Shakti Khand,1450,71.51,2 Baths,3 BHK
Vasundhara sector 1,1350,47.49,2 Baths,80 BHK
NH 91,1400,55,2 Baths,3 BHK
Vaishali sector 4,1800,122,2 Baths,3 BHK
Vasundhara sector 15,1650,72,2 Baths,3 BHK
Raj Nagar extension,1570,132,3 Baths,4 BHK
vijay nagar,950,170,4 Baths,6 BHK
Vasundhara Sector 5,1655,125,3 Baths,4 BHK
NH 91,900,42,2 Baths,2 BHK
Vasundhara sector 3,925,43,2 Baths,2 BHK
Niti khand,2446,195,3 Baths,4 BHK
 Vaishali Sector 4 ,1550,99.11,3 Baths,3 BHK
"Ghaziabad, Ghaziabad District",3500,120,3 Baths,6 BHK
Lal Kuan ,400,13.6,1 Bath,2 BHK
Govindpuram,3550,91,6 Baths,7 BHK
vijay nagar,1400,68,2 Baths,4 BHK
Gyan Khand 1 ,1450,66,3 Baths,3 BHK
Niti khand,1050,35.7,2 Baths,2 BHK
 Vaishali Sector 2A,550,18,2 Baths,1 BHK
Shastri Nagar,2000,210,4 Baths,6 BHK
NH 91,1400,45.99,2 Baths,3 BHK
Vasundhara Sector 5,2000,80.99,3 Baths,4 BHK
vijay nagar,1440,145,3 Baths,4 BHK
Sahibabad,1200,38,3 Baths,3 BHK
"Ghaziabad, Gautam Buddh Nagar District",650,40,2 Baths,2 BHK
Gyan Khand 1,650,23.75,1 Bath,1 BHK
Vasundhara,1000,28.99,2 Baths,2 BHK
Govindpuram,1620,42,2 Baths,3 BHK
Niti khand,1050,31.25,2 Baths,2 BHK
vijay nagar,1390,45.99,2 Baths,3 BHK
"Ghaziabad, Ghaziabad District",1500,130,4 Baths,3 BHK
Vasundhara Sector 1 ,1085,48.5,2 Baths,3 BHK
Niti khand,2616,205,4 Baths,5 BHK
Morta ,640,26.3,2 Baths,2 BHK
"Ghaziabad, Ghaziabad District",3600,265,6 Baths,9 BHK
"Ghaziabad, Gautam Buddh Nagar District",2500,95,3 Baths,5 BHK
Shastri Nagar,1944,80,2 Baths,4 BHK
NH 91,1380,39.9,2 Baths,3 BHK
Duhai ,640,26.2,2 Baths,2 BHK
Morta,620,26.1,2 Baths,2 BHK
"Ghaziabad, Ghaziabad District",1550,50,2 Baths,3 BHK
Niti khand,2200,140,4 Baths,4 BHK
Nyay khand,625,20.1,1 Bath,1 BHK
Vaibhav Khand,510,11.95,1 Bath,1 BHK
Vaishali sector 4,1000,30,2 Baths,2 BHK
Shakti khand 4,950,29.91,2 Baths,2 BHK
Raj Nagar extension,639,14.2,2 Baths,2 BHK
NH 91,1000,33.99,2 Baths,2 BHK
Gyan Khand 1,1450,53.65,2 Baths,3 BHK
"Ghaziabad, Ghaziabad District",550,49,1 Bath,1 BHK
Raj Nagar extension,1700,111,3 Baths,4 BHK
Vaishali sector 6,1250,49,2 Baths,3 BHK
NH 91,1000,45.99,2 Baths,2 BHK
Vaishali sector 1,500,20,1 Bath,1 BHK
"Ghaziabad, Ghaziabad District",3000,68,4 Baths,6 BHK
 Vaishali Sector 2A,550,18,2 Baths,1 BHK
 Wave City ,1284,52,3 Baths,3 BHK
 Wave City ,1746,65,3 Baths,3 BHK
"Ghaziabad, Ghaziabad District",600,24,2 Baths,4 BHK
Niti khand,1350,51.99,2 Baths,3 BHK
Niti khand,1600,108,3 Baths,3 BHK
Gyan Khand,1400,66.75,2 Baths,3 BHK
Shakti Khand 3,600,21,1 Bath,1 BHK
"Indirapuram, Indirapuram, Ghaziabad, Ghaziabad District, Ghaziabad District",950,52,2 Baths,2 BHK
Shakti Khand,1450,65.75,2 Baths,3 BHK
"Indirapuram, Indirapuram, Ghaziabad, Ghaziabad District, Ghaziabad District",950,50,2 Baths,2 BHK
Shakti Khand 3,600,23,1 Bath,1 BHK
"Indirapuram, Indirapuram, Ghaziabad, Ghaziabad District, Ghaziabad District",1425,74,2 Baths,3 BHK
"Vasundhara, Vasundhara, Ghaziabad, Ghaziabad District, Ghaziabad District",1725,104,2 Baths,3 BHK
Shakti Khand,3800,285,5 Baths,5 BHK
"Indirapuram, Indirapuram, Ghaziabad, Ghaziabad District, Ghaziabad District",1250,55,2 Baths,3 BHK
"Indirapuram, Indirapuram, Ghaziabad, Ghaziabad District, Ghaziabad District",1050,51,2 Baths,2 BHK
"Vasundhara, Vasundhara, Ghaziabad, Ghaziabad District, Ghaziabad District",1525,73,2 Baths,3 BHK
Gyan Khand,1650,90.25,2 Baths,3 BHK
"Vasundhara, Vasundhara, Ghaziabad, Ghaziabad District, Ghaziabad District",1750,90,2 Baths,4 BHK
vaishali sector 5,2200,195,3 Baths,4 BHK
"Indirapuram, Indirapuram, Ghaziabad, Ghaziabad District, Ghaziabad District",1425,80,2 Baths,3 BHK
"Indirapuram, Indirapuram, Ghaziabad, Ghaziabad District, Ghaziabad District",500,25,2 Baths,1 BHK
"Vasundhara, Vasundhara, Ghaziabad, Ghaziabad District, Ghaziabad District",1350,60,2 Baths,3 BHK
"Vasundhara, Vasundhara, Ghaziabad, Ghaziabad District, Ghaziabad District",1875,85,3 Baths,3 BHK
"Indirapuram, Indirapuram, Ghaziabad, Ghaziabad District, Ghaziabad District",1100,65,2 Baths,3 BHK
"Vasundhara, Vasundhara, Ghaziabad, Ghaziabad District, Ghaziabad District",1225,70,2 Baths,3 BHK
Niti khand,3850,290,5 Baths,5 BHK
"Vasundhara, Vasundhara, Ghaziabad, Ghaziabad District, Ghaziabad District",2025,135,3 Baths,4 BHK
"Vaishali Sec 4, Ghaziabad - Garden",1400,85.5,2 Baths,3 BHK
"Vasundhara, Ghaziabad, Ghaziabad District, Uttar Pradesh",950,33.65,2 Baths,2 BHK
"Vaishali, Ghaziabad, Ghaziabad District, Uttar Pradesh",1250,56.71,2 Baths,3 BHK
Shakti Khand 2,500,22,1 Bath,1 BHK
Gyan Khand 1,1300,79.31,2 Baths,3 BHK
Vaishali sector 1,1300,58,3 Baths,3 BHK
Mahagunpuram,1300,39.5,2 Baths,3 BHK
 Vaishali Sector 4 ,1250,58.91,2 Baths,3 BHK
Vaishali Sector 6,500,22.91,1 Bath,1 BHK
Shakti Khand 3,1000,60,2 Baths,2 BHK
Niti khand,1204,72,3 Baths,3 BHK
Vaishali Sector 4,1400,85,2 Baths,3 BHK
Shakti Khand,968,70.21,2 Baths,3 BHK
Gyan Khand 1,1300,65.5,3 Baths,3 BHK
Vasundhara Sector 3 ,1000,39.65,2 Baths,2 BHK
Niti khand,1700,108,3 Baths,3 BHK
Vasundhara sector 13,2700,225,4 Baths,4 BHK
Gyan Khand ,1600,63.6,2 Baths,3 BHK
Shakti Khand 3,950,48,2 Baths,2 BHK
Shakti Khand 3,900,45.5,2 Baths,2 BHK
Gyan Khand,1100,52,2 Baths,2 BHK
Gyan Khand ,1300,62.3,3 Baths,3 BHK
Niti khand,1204,73,3 Baths,3 BHK
Shakti Khand 3,600,22.5,1 Bath,1 BHK
Vasundhara sector 1,1250,50.99,2 Baths,3 BHK
Gyan Khand,1500,85.75,2 Baths,3 BHK
"Rajendra Nagar, Rajendra Nagar, Ghaziabad, Ghaziabad District, Ghaziabad District",2000,121,3 Baths,4 BHK
Shalimar garden,950,31.25,2 Baths,2 BHK
"Rajendra Nagar, Rajendra Nagar, Ghaziabad, Ghaziabad District, Ghaziabad District",1850,82.35,3 Baths,8 BHK
"Rajendra Nagar, Rajendra Nagar, Ghaziabad, Ghaziabad District, Ghaziabad District",1200,48.25,2 Baths,3 BHK
Shakti khand 4,1350,65,3 Baths,3 BHK
 Wave City ,1350,38,2 Baths,2 BHK
"Vasundhara, Vasundhara, Ghaziabad, Ghaziabad District, Ghaziabad District",1300,60,2 Baths,3 BHK
"Lal Kuan, Lal Kuan, Ghaziabad, Ghaziabad District, Ghaziabad District",955,21.3,2 Baths,2 BHK
"Lal Kuan, Lal Kuan, Ghaziabad, Ghaziabad District, Ghaziabad District",750,21,2 Baths,3 BHK
 Wave City ,1285,53,2 Baths,3 BHK
"Vasundhara, Vasundhara, Ghaziabad, Ghaziabad District, Ghaziabad District",3500,210,5 Baths,6 BHK
"Lal Kuan, Lal Kuan, Ghaziabad, Ghaziabad District, Ghaziabad District",800,25,2 Baths,3 BHK
 Wave City ,1284,48,3 Baths,3 BHK
"Lal Kuan, Lal Kuan, Ghaziabad, Ghaziabad District, Ghaziabad District",630,22,2 Baths,2 BHK
Shakti Khand,2350,165,4 Baths,4 BHK
Ahinsha Khand 2,1100,50,2 Baths,2 BHK
Shakti Khand,1400,75,2 Baths,3 BHK
 Vaishali Sector 4 ,1450,70,2 Baths,3 BHK
lal kuan,1375,29.8,1 Bath,2 BHK
NH 24,900,20,2 Baths,3 BHK
Gyan Khand,1600,108,3 Baths,3 BHK
"Vasundhara, Vasundhara, Ghaziabad, Ghaziabad District, Ghaziabad District",950,43,2 Baths,3 BHK
Gyan Khand,1200,43.75,2 Baths,2 BHK
Vasundhara sector 13,2000,102,3 Baths,4 BHK
Niti khand,1350,85,3 Baths,3 BHK
Niti khand,1200,46.75,2 Baths,2 BHK
"Lal Kuan, Lal Kuan, Ghaziabad, Ghaziabad District, Ghaziabad District",630,26,2 Baths,3 BHK
Vaishali sector 4,1800,124,3 Baths,3 BHK
"Lal Kuan, Lal Kuan, Ghaziabad, Ghaziabad District, Ghaziabad District",450,15,2 Baths,2 BHK
"Lal Kuan, Lal Kuan, Ghaziabad, Ghaziabad District, Ghaziabad District",900,28.5,2 Baths,2 BHK
Bamheta,450,12,1 Bath,1 BHK
"Lal Kuan, Lal Kuan, Ghaziabad, Ghaziabad District, Ghaziabad District",540,18,2 Baths,2 BHK
vijay nagar,880,35,2 Baths,2 BHK
Niti khand,950,44.45,2 Baths,2 BHK
"Vasundhara, Ghaziabad, Ghaziabad District, Uttar Pradesh",950,35,2 Baths,2 BHK
Shakti Khand,1600,86.75,3 Baths,3 BHK
"Vaishali Sector - 6, Vaishali, Ghaziabad, Ghaziabad District, Uttar Pradesh",870,34.11,1 Bath,2 BHK
Niti khand,1250,63,2 Baths,3 BHK
Vasundhara sector 13,1150,40.1,2 Baths,3 BHK
NH 24,450,16.5,1 Bath,2 BHK
Ahinsha Khand Ghaziabad - Facing East,1650,125,3 Baths,4 BHK
Niti khand,1550,55,2 Baths,3 BHK
Niti khand,1250,50,3 Baths,3 BHK
Niti khand,2700,210,4 Baths,4 BHK
 Vasundhara Sector 11,1250,52,2 Baths,3 BHK
Niti khand,1400,78.45,2 Baths,3 BHK
Niti khand,1400,74.25,2 Baths,3 BHK
Lal Kuan ,750,31.5,2 Baths,2 BHK
"Rajendra Nagar, Rajendra Nagar, Ghaziabad, Ghaziabad District, Ghaziabad District",1900,100,3 Baths,4 BHK
"Vasundhara, Vasundhara, Ghaziabad, Ghaziabad District, Ghaziabad District",1500,110,2 Baths,3 BHK
Chipyana,800,36.5,1 Bath,2 BHK
"Indirapuram, Indirapuram, Ghaziabad, Ghaziabad District, Ghaziabad District",950,45,2 Baths,2 BHK
"Vasundhara, Vasundhara, Ghaziabad, Ghaziabad District, Ghaziabad District",1150,75,2 Baths,3 BHK
"Ghaziabad, Lal Kuan, Lal Kuan, Ghaziabad, Ghaziabad District, Ghaziabad District",500,19.75,1 Bath,1 BHK
"Chapprola, Lal Kuan, Lal Kuan, Ghaziabad, Ghaziabad District, Ghaziabad District",750,32.75,1 Bath,2 BHK
 Vaishali Sector 4 ,900,46,2 Baths,2 BHK
"Lal Kuan, Lal Kuan, Ghaziabad, Ghaziabad District, Ghaziabad District",700,29,1 Bath,2 BHK
"Lal Kuan, Lal Kuan, Ghaziabad, Ghaziabad District, Ghaziabad District",540,17.99,2 Baths,2 BHK
Mansarovar Park Lal Kuan Ghaziabad,600,28,2 Baths,2 BHK
NH-24,800,38,2 Baths,3 BHK
"Vasundhara, Vasundhara, Ghaziabad, Ghaziabad District, Ghaziabad District",1700,80,2 Baths,3 BHK
"Chipiyana Buzurg, Chipiyana Buzurg, Ghaziabad, Gautam Buddh Nagar District, Gautam Buddh Nagar District",650,27.5,1 Bath,2 BHK
"Chhapraula, Chhapraula, Ghaziabad, Gautam Buddh Nagar District, Gautam Buddh Nagar District",770,29.26,2 Baths,2 BHK
"Vasundhara, Vasundhara, Ghaziabad, Ghaziabad District, Ghaziabad District",1600,80,3 Baths,3 BHK
"Lal Kuan, Lal Kuan, Ghaziabad, Ghaziabad District, Ghaziabad District",1100,40,3 Baths,3 BHK
"Vasundhara, Vasundhara, Ghaziabad, Ghaziabad District, Ghaziabad District",1500,88,2 Baths,3 BHK
NH 24,650,23,1 Bath,2 BHK
"Lal Kuan Ghaziabad, Mansarover Park",650,28,1 Bath,4 BHK
"Vasundhara, Vasundhara, Ghaziabad, Ghaziabad District, Ghaziabad District",3240,245,4 Baths,10 BHK
"Lal Kuan, Lal Kuan, Ghaziabad, Ghaziabad District, Ghaziabad District",880,36,2 Baths,2 BHK
"Vasundhara, Vasundhara, Ghaziabad, Ghaziabad District, Ghaziabad District",1300,83,2 Baths,3 BHK
"Chhapraula, Chhapraula, Ghaziabad, Gautam Buddh Nagar District, Gautam Buddh Nagar District",500,19.4,1 Bath,1 BHK
"Vasundhara, Vasundhara, Ghaziabad, Ghaziabad District, Ghaziabad District",1600,79,3 Baths,8 BHK
Niti khand,900,50,2 Baths,2 BHK
"Vaishali, Vaishali, Vaishali, Ghaziabad, Ghaziabad District, Ghaziabad District",1582,120,3 Baths,3 BHK
Niti khand,1205,86,3 Baths,3 BHK
"Vasundhara, Vasundhara, Ghaziabad, Ghaziabad District, Ghaziabad District",1700,95,2 Baths,3 BHK
Vaishali sector 1,1204,84.5,3 Baths,3 BHK
Vaishali sector 1,1204,85,2 Baths,3 BHK
Vaishali sector 1,1100,79,3 Baths,3 BHK
"Indirapuram, Ghaziabad - Garden",968,180,6 Baths,9 BHK
Vaishali sector 1,1204,90,2 Baths,3 BHK
"Vasundhara, Vasundhara, Ghaziabad, Ghaziabad District, Ghaziabad District",1300,62,2 Baths,3 BHK
"Vasundhara, Vasundhara, Ghaziabad, Ghaziabad District, Ghaziabad District",1175,58,3 Baths,3 BHK
"Vaishali, Vaishali, Ghaziabad, Ghaziabad District, Ghaziabad District",1800,145,3 Baths,4 BHK
"Indirapuram, Indirapuram, Ghaziabad, Ghaziabad District, Ghaziabad District",2378,222,3 Baths,4 BHK
"Vaishali, Vaishali, Ghaziabad, Ghaziabad District, Ghaziabad District",600,20,1 Bath,1 BHK
"Indirapuram, Indirapuram, Ghaziabad, Ghaziabad District, Ghaziabad District",450,16,1 Bath,1 BHK
"Indirapuram, Indirapuram, Ghaziabad, Ghaziabad District, Ghaziabad District",1300,80,3 Baths,3 BHK
"Vaishali, Vaishali, Ghaziabad, Ghaziabad District, Ghaziabad District",1800,82,3 Baths,3 BHK
NH 24,950,27,2 Baths,9 BHK
Ritesh Property And Developers Lal Kuan Ghaziabad,740,25.5,1 Bath,2 BHK
Takshvi Global Homes Lal Kuan Ghaziabad,710,28,1 Bath,3 BHK
Takshvi Global Homes Lal Kuan Ghaziabad,780,30.5,1 Bath,2 BHK
NH 24,1600,44,2 Baths,9 BHK
Takshvi Global Homes Lal Kuan Ghaziabad,900,25.5,1 Bath,3 BHK
Vasundhara Sector 14,4280,258,5 Baths,5 BHK
Niti khand,1425,76.71,3 Baths,3 BHK
Vasundhara,1380,60,2 Baths,3 BHK
Vasundhara Sector 5,1280,53.35,2 Baths,3 BHK
vaishali sector 5,1055,52.52,2 Baths,2 BHK
Vaishali sector 4,1475,73.89,3 Baths,3 BHK
Vasundhara sector 10,1980,131,3 Baths,4 BHK
Vasundhara Sector 1 ,1780,73.51,3 Baths,4 BHK
Niti khand,1800,100,3 Baths,3 BHK
Niti khand,1575,62.51,2 Baths,3 BHK
Vasundhara Sector 1 ,975,26.15,2 Baths,2 BHK
vaishali sector 5,1055,51.5,2 Baths,2 BHK
Vasundhara,1950,94.74,2 Baths,3 BHK
Indirapuram,1000,52,2 Baths,4 BHK
vaishali sector 5,1050,52.5,2 Baths,2 BHK
 Vasundhara Sector 12 ,2900,245,3 Baths,4 BHK
"Vasundhra, Ghaziabad - Facing East",1900,89,3 Baths,3 BHK
NH 91,1450,59,2 Baths,3 BHK
NH 91,2200,125,3 Baths,4 BHK
Indirapuram,950,45,2 Baths,2 BHK
Vasundhara,1675,72.5,2 Baths,3 BHK
Vaishali sector 6,1275,57.89,2 Baths,3 BHK
Vasundhara,990,45,2 Baths,2 BHK
NH 91,2100,235,3 Baths,5 BHK
Niti khand,1525,63.21,3 Baths,3 BHK
Indirapuram,1800,145,4 Baths,4 BHK
Indirapuram,1600,105,3 Baths,8 BHK
"Vaishali, Vaishali, Vaishali, Ghaziabad, Ghaziabad District, Ghaziabad District",1250,47,2 Baths,3 BHK
"Vasundhara, Vasundhara, Ghaziabad, Ghaziabad District, Ghaziabad District",3500,180,4 Baths,5 BHK
"Lal Kuan, Lal Kuan, Ghaziabad, Ghaziabad District, Ghaziabad District",660,24.5,1 Bath,2 BHK
Raj Nagar extension,2400,100,4 Baths,4 BHK
"Vasundhara, Vasundhara, Ghaziabad, Ghaziabad District, Ghaziabad District",2200,100,3 Baths,4 BHK
Dundahera,950,23.35,2 Baths,2 BHK
"Vasundhara, Vasundhara, Ghaziabad, Ghaziabad District, Ghaziabad District",1775,92.91,3 Baths,4 BHK
Raj Nagar extension,955,30,1 Bath,2 BHK
Dundahera,950,19.5,2 Baths,2 BHK
"Vasundhara, Vasundhara, Ghaziabad, Ghaziabad District, Ghaziabad District",1200,75,2 Baths,3 BHK
Govindpuram,750,14.5,2 Baths,2 BHK
Shakti Khand ,2200,93,3 Baths,4 BHK
 Vaishali Sector 4 ,1700,121,3 Baths,3 BHK
Vasundhara,1600,73.1,3 Baths,4 BHK
Gyan Khand,1600,112,3 Baths,3 BHK
Vasundhara,1900,135,3 Baths,4 BHK
Shakti Khand 2,1495,84,2 Baths,3 BHK
Vasundhara Sector 5,1400,48.5,2 Baths,3 BHK
NH 91,2600,195,3 Baths,4 BHK
Ritesh Property And Developers Lal Kuan Ghaziabad,695,27.75,1 Bath,3 BHK
Lal Kua Ghaziabad - Gated Community,900,35,1 Bath,3 BHK
"Vaishali, Ghaziabad - Gated Community",1400,60,2 Baths,3 BHK
 Ahinsa Khand-2,4850,375,9 Baths,12 BHK
Vasundhara,1650,102,3 Baths,4 BHK
"Nh24 Ghaziabad, Ansal Tanushree",1500,41.5,2 Baths,3 BHK
Vasundhara,1400,88,2 Baths,3 BHK
Vasundhara sector 13,2150,138,3 Baths,4 BHK
NH 91,2700,240,4 Baths,4 BHK
Vasundhara Sector 1 ,956,39.88,2 Baths,2 BHK
 Vasundhara Sector 12 ,1456,82.1,2 Baths,3 BHK
Vasundhara sector 10,1400,54.9,2 Baths,3 BHK
 Vaishali Sector 4 ,1550,83,2 Baths,3 BHK
Niti khand,1950,72,4 Baths,4 BHK
Vasundhara Sector 5,1450,72,2 Baths,3 BHK
Vasundhara Sector 5,1200,56,2 Baths,3 BHK
Vasundhara Sector 14,1875,92.51,3 Baths,4 BHK
Vasundhara,2600,180,3 Baths,4 BHK
Vasundhara,1326,56.1,2 Baths,3 BHK
 Mahagunpuram,1450,40,2 Baths,3 BHK
Vasundhara,1600,81,3 Baths,3 BHK
Shakti Khand 2,1400,46.5,2 Baths,3 BHK
Niti khand,1500,65,2 Baths,3 BHK
Vasundhara,3600,260,5 Baths,5 BHK
 Wave City ,4500,250,4 Baths,4 BHK
vaishali sector 5,1000,40,2 Baths,2 BHK
vasundhara sector 3,1680,91.51,3 Baths,4 BHK
"Indirapuram, Indirapuram, Ghaziabad, Ghaziabad District, Ghaziabad District",1200,65,2 Baths,3 BHK
Vasundhara sector 13,1675,115,3 Baths,4 BHK
Vasundhara Sector 15,1600,80,3 Baths,3 BHK
Vasundhara,2200,142,3 Baths,4 BHK
"Vaishali, Vaishali, Vaishali, Ghaziabad, Ghaziabad District, Ghaziabad District",5500,500,9 Baths,9 BHK
Vaishali sector 4,1500,90,3 Baths,3 BHK
Indirapuram,2368,220,4 Baths,4 BHK
Vasundhara,1700,105,2 Baths,3 BHK
Vasundhara,2500,220,4 Baths,4 BHK
Vasundhara,1450,84,2 Baths,3 BHK
"Indirapuram, Indirapuram, Ghaziabad, Ghaziabad District, Ghaziabad District",970,55,2 Baths,3 BHK
"Indirapuram, Indirapuram, Ghaziabad, Ghaziabad District, Ghaziabad District",800,28.9,2 Baths,2 BHK
"Vaishali, Vaishali, Ghaziabad, Ghaziabad District, Ghaziabad District",1015,45,2 Baths,2 BHK
"Vasundhara, Vasundhara, Ghaziabad, Ghaziabad District, Ghaziabad District",1350,60,2 Baths,3 BHK
Pratap Vihar,950,42,2 Baths,2 BHK
"Nh 91, Lal Kuan, Lal Kuan, Ghaziabad, Ghaziabad District, Ghaziabad District",404,10.61,1 Bath,1 BHK
"Indirapuram, Indirapuram, Ghaziabad, Ghaziabad District, Ghaziabad District",3768,300,5 Baths,5 BHK
"Nh 91, Lal Kuan, Lal Kuan, Ghaziabad, Ghaziabad District, Ghaziabad District",580,16.5,1 Bath,2 BHK
"Nh 91, Chhapraula, Chhapraula, Ghaziabad, Gautam Buddh Nagar District, Gautam Buddh Nagar District",404,10.75,1 Bath,1 BHK
"Indirapuram, Indirapuram, Ghaziabad, Ghaziabad District, Ghaziabad District",3768,300,5 Baths,5 BHK
Pratap Vihar,725,37,2 Baths,2 BHK
"Nh 91, Lal Kuan, Lal Kuan, Ghaziabad, Ghaziabad District, Ghaziabad District",535,14.62,1 Bath,2 BHK
"Nh91, Lal Kuan, Lal Kuan, Ghaziabad, Ghaziabad District, Ghaziabad District",535,14.6,1 Bath,2 BHK
"Nh 91, Lal Kuan, Lal Kuan, Ghaziabad, Ghaziabad District, Ghaziabad District",715,21,1 Bath,3 BHK
"Nh 91, Lal Kuan, Lal Kuan, Ghaziabad, Ghaziabad District, Ghaziabad District",530,14.52,1 Bath,2 BHK
"Vasundhara, Vasundhara, Ghaziabad, Ghaziabad District, Ghaziabad District",1845,135,3 Baths,4 BHK
"Vaishali, Vaishali, Ghaziabad, Ghaziabad District, Ghaziabad District",900,55,2 Baths,2 BHK
"Lal Kuan, Lal Kuan, Ghaziabad, Gautam Buddh Nagar District, Gautam Buddh Nagar District",389,11.5,1 Bath,1 BHK
"Vaishali, Vaishali, Ghaziabad, Ghaziabad District, Ghaziabad District",1700,127,3 Baths,3 BHK
"Indirapuram, Indirapuram, Ghaziabad, Ghaziabad District, Ghaziabad District",1100,47,2 Baths,3 BHK
 Wave City ,434,12.71,1 Bath,1 BHK
Vasundhara Sector 14,3800,225,4 Baths,5 BHK
Vaishali sector 1,1750,130,3 Baths,4 BHK
Vaishali Sector 2A,1800,145,3 Baths,4 BHK
Vaishali sector 1,1800,110,2 Baths,6 BHK
Vaishali Sector 4,1000,52,2 Baths,2 BHK
Vaishali Sector 3,1700,135,3 Baths,4 BHK
 Vaishali Sector 4 ,900,52,2 Baths,2 BHK
Vaishali sector 1,1750,129,3 Baths,4 BHK
Vasundhara Sector 14,3800,224,4 Baths,5 BHK
vaishali sector 5,1380,79.7,2 Baths,3 BHK
Vaishali sector 4,1020,38.99,2 Baths,2 BHK
Gyan Khand,980,28.99,2 Baths,2 BHK
Vasundhara sector 15,1600,64.99,3 Baths,3 BHK
Vaishali Sector 3,1950,112,3 Baths,4 BHK
"Ghaziabad, Indirapuram, Indirapuram, Ghaziabad, Ghaziabad District, Ghaziabad District",1800,112,3 Baths,3 BHK
Niti khand,1550,49.99,3 Baths,3 BHK
"Ghaziabad, Vasundhara, Vasundhara, Ghaziabad, Ghaziabad District, Ghaziabad District",1500,100,3 Baths,3 BHK
Niti khand,2050,107,3 Baths,4 BHK
Shakti Khand 2,1250,46.99,2 Baths,3 BHK
Niti khand,1075,39.99,2 Baths,2 BHK
 Vaishali Sector 4 ,1380,67.99,2 Baths,3 BHK
"Ghaziabad, Indirapuram, Indirapuram, Ghaziabad, Ghaziabad District, Ghaziabad District",2300,230,4 Baths,4 BHK
Niti khand,2200,140,4 Baths,4 BHK
Vasundhara sector 1,1020,26.95,2 Baths,2 BHK
Vasundhara sector 1,950,27.59,2 Baths,2 BHK
Vasundhara sector 5,1200,37.99,2 Baths,3 BHK
"Indirapuram, Indirapuram, Ghaziabad, Ghaziabad District, Ghaziabad District",4000,325,5 Baths,5 BHK
Vasundhara sector 10,620,17.99,1 Bath,1 BHK
"Chhapraula, Chhapraula, Ghaziabad, Gautam Buddh Nagar District, Gautam Buddh Nagar District",486,16.85,1 Bath,1 BHK
"Chhapraula, Chhapraula, Ghaziabad, Gautam Buddh Nagar District, Gautam Buddh Nagar District",970,34.25,2 Baths,2 BHK
"Chhapraula, Chhapraula, Ghaziabad, Gautam Buddh Nagar District, Gautam Buddh Nagar District",600,19.5,1 Bath,1 BHK
Indirapuram,1800,75,2 Baths,3 BHK
Indirapuram,1800,64.5,2 Baths,3 BHK
"Vaishali, Vaishali, Vaishali, Ghaziabad, Ghaziabad District, Ghaziabad District",1100,44.5,2 Baths,2 BHK
Gyan Khand 3,1204,85.5,3 Baths,3 BHK
Vasundhara,2280,118,3 Baths,4 BHK
Niti khand,1320,52.3,2 Baths,3 BHK
"Chhapraula, Chhapraula, Ghaziabad, Gautam Buddh Nagar District, Gautam Buddh Nagar District",700,21,1 Bath,2 BHK
Vasundhara,1360,52.3,3 Baths,3 BHK
Vasundhara Sector 1 ,1200,54.1,2 Baths,3 BHK
Indirapuram,1200,48,2 Baths,2 BHK
Vasundhara,1386,53.2,2 Baths,3 BHK
Gyan Khand 3,1204,85.25,3 Baths,3 BHK
Vashundhara Sector-5,1855,130,3 Baths,4 BHK
Vasundhara,2000,85,3 Baths,3 BHK
vaishali sector 5,600,26,1 Bath,1 BHK
Vasundhara,1278,57.6,2 Baths,3 BHK
"Indirapuram, Indirapuram, Ghaziabad, Ghaziabad District, Ghaziabad District",1300,72,2 Baths,3 BHK
"Lal Kua, Lal Kuan, Lal Kuan, Ghaziabad, Ghaziabad District, Ghaziabad District",405,11.5,1 Bath,1 BHK
"Nh 91, Chhapraula, Chhapraula, Ghaziabad, Gautam Buddh Nagar District, Gautam Buddh Nagar District",535,14.6,1 Bath,2 BHK
Vashundhara Sector-5,2400,130,4 Baths,4 BHK
"Indirapuram, Indirapuram, Ghaziabad, Ghaziabad District, Ghaziabad District",1300,61.5,2 Baths,3 BHK
vasundhara sector 3,600,20,1 Bath,1 BHK
Gyan Khand 3,1204,85,3 Baths,3 BHK
 Wave City ,525,15.77,1 Bath,2 BHK
Vasundhara ,1700,87.1,3 Baths,4 BHK
"Indirapuram, Indirapuram, Ghaziabad, Ghaziabad District, Ghaziabad District",1300,71.5,2 Baths,3 BHK
vasundhara sector 3,900,40,2 Baths,2 BHK
Bamheta,525,15.57,1 Bath,2 BHK
"Nh 91, Lal Kuan, Lal Kuan, Ghaziabad, Ghaziabad District, Ghaziabad District",402,10.6,1 Bath,1 BHK
Crossing Republik,525,1576,1 Bath,2 BHK
NH-24,585,16.25,1 Bath,2 BHK
"Nh 91, Chhapraula, Chhapraula, Ghaziabad, Gautam Buddh Nagar District, Gautam Buddh Nagar District",715,21,1 Bath,3 BHK
 Wave City ,434,12.72,1 Bath,1 BHK
 Wave City ,525,15.72,1 Bath,2 BHK
"Indirapuram, Indirapuram, Ghaziabad, Ghaziabad District, Ghaziabad District",900,45,2 Baths,2 BHK
"Lal Kuan, Lal Kuan, Lal Kuan, Ghaziabad, Ghaziabad District, Ghaziabad District",390,11.5,1 Bath,1 BHK
"Nh 91, Chhapraula, Chhapraula, Ghaziabad, Gautam Buddh Nagar District, Gautam Buddh Nagar District",404,10.6,1 Bath,1 BHK
"Indirapuram, Indirapuram, Ghaziabad, Ghaziabad District, Ghaziabad District",900,44.5,2 Baths,2 BHK
"Nh 91, Chhapraula, Chhapraula, Ghaziabad, Gautam Buddh Nagar District, Gautam Buddh Nagar District",405,10.6,1 Bath,1 BHK
 Wave City ,525,15.75,1 Bath,2 BHK
"Nh 91, Lal Kuan, Lal Kuan, Ghaziabad, Ghaziabad District, Ghaziabad District",515,15,1 Bath,2 BHK
"Nh 91, Chipiyana Buzurg, Chipiyana Buzurg, Ghaziabad, Gautam Buddh Nagar District, Gautam Buddh Nagar District",525,15.73,1 Bath,2 BHK
"Nh 91, Lal Kuan, Lal Kuan, Ghaziabad, Ghaziabad District, Ghaziabad District",985,29.69,1 Bath,3 BHK
 Wave City ,990,29.6,2 Baths,3 BHK
 Wave City ,434,12.73,1 Bath,1 BHK
"Nh 91, Lal Kuan, Lal Kuan, Ghaziabad, Ghaziabad District, Ghaziabad District",405,10.61,1 Bath,1 BHK
"Chhapraula, Chhapraula, Ghaziabad, Gautam Buddh Nagar District, Gautam Buddh Nagar District",434,12.73,1 Bath,1 BHK
"Nh 91, Lal Kuan, Lal Kuan, Ghaziabad, Ghaziabad District, Ghaziabad District",404,10.51,1 Bath,1 BHK
"Lal Kuan, Lal Kuan, Ghaziabad, Gautam Buddh Nagar District, Gautam Buddh Nagar District",434,12.72,1 Bath,1 BHK
"Nh 91, Chipiyana Buzurg, Chipiyana Buzurg, Ghaziabad, Gautam Buddh Nagar District, Gautam Buddh Nagar District",401,10.62,1 Bath,1 BHK
Mansarovar Park Lal Kuan Ghaziabad,580,22.85,1 Bath,2 BHK
Om Sai Enclave Chipiyana Ghaziabad,461,17.95,1 Bath,1 BHK
Om Sai Enclave Chipiyana Ghaziabad,458,19.44,2 Baths,2 BHK
"Chipiyana, Near Lal Kuan Ghaziabad",750,24,1 Bath,2 BHK
Om Sai Enclave Chipiyana Ghaziabad,456,19,1 Bath,1 BHK
Mansarovar Park Lal Kuan Ghaziabad,722,26.8,1 Bath,3 BHK
"Chipiyana Buzurg, Chipiyana Buzurg, Ghaziabad, Gautam Buddh Nagar District, Gautam Buddh Nagar District",550,23,1 Bath,1 BHK
"Chipiyana Buzurg, Chipiyana Buzurg, Ghaziabad, Gautam Buddh Nagar District, Gautam Buddh Nagar District",720,28,2 Baths,2 BHK
"Rajpuram , chipyana ",544,21.65,1 Bath,2 BHK
"Chipiyana Buzurg, Chipiyana Buzurg, Ghaziabad, Gautam Buddh Nagar District, Gautam Buddh Nagar District",630,26,2 Baths,2 BHK
"Rajpuram , chipyana ",542,18.6,1 Bath,2 BHK
"Chipiyana, Chipiyana Buzurg, Chipiyana Buzurg, Ghaziabad, Gautam Buddh Nagar District, Gautam Buddh Nagar District",622,24.55,2 Baths,2 BHK
"Rajpuram , chipyana ",908,32.98,2 Baths,2 BHK
Om Sai Enclave Chipiyana Ghaziabad,520,20.05,1 Bath,1 BHK
"Chipiyana Buzurg, Chipiyana Buzurg, Ghaziabad, Gautam Buddh Nagar District, Gautam Buddh Nagar District",700,28,1 Bath,2 BHK
"Chipiyana Buzurg, Chipiyana Buzurg, Ghaziabad, Gautam Buddh Nagar District, Gautam Buddh Nagar District",550,21,1 Bath,1 BHK
"Lal Kuan, Lal Kuan, Ghaziabad, Ghaziabad District, Ghaziabad District",623,23,1 Bath,2 BHK
"Chipiyana Buzurg, Chipiyana Buzurg, Ghaziabad, Gautam Buddh Nagar District, Gautam Buddh Nagar District",800,28,3 Baths,3 BHK
"Rajpuram , chipyana ",615,24,1 Bath,2 BHK
"Chipiyana Buzurg, Chipiyana Buzurg, Ghaziabad, Gautam Buddh Nagar District, Gautam Buddh Nagar District",650,23,2 Baths,2 BHK
"Chipiyana Buzurg, Chipiyana Buzurg, Ghaziabad, Gautam Buddh Nagar District, Gautam Buddh Nagar District",600,25,2 Baths,2 BHK
"Chipiyana Buzurg, Chipiyana Buzurg, Ghaziabad, Gautam Buddh Nagar District, Gautam Buddh Nagar District",760,28,1 Bath,2 BHK
"Chipiyana Buzurg, Chipiyana Buzurg, Ghaziabad, Gautam Buddh Nagar District, Gautam Buddh Nagar District",540,23.2,1 Bath,2 BHK
"Rajpuram , chipyana ",620,23,1 Bath,2 BHK
"Chipiyana Buzurg, Chipiyana Buzurg, Ghaziabad, Gautam Buddh Nagar District, Gautam Buddh Nagar District",520,23,1 Bath,2 BHK
"Chipiyana Buzurg, Chipiyana Buzurg, Ghaziabad, Gautam Buddh Nagar District, Gautam Buddh Nagar District",510,21,2 Baths,2 BHK
Om Sai Enclave Chipiyana Ghaziabad,452,18.45,1 Bath,1 BHK
Sai Garden Chipiyana Ghaziabad,909,33,1 Bath,2 BHK
Sai Garden Chipiyana Ghaziabad,916,34.68,2 Baths,2 BHK
Sai Garden Chipiyana Ghaziabad,914,34.3,2 Baths,2 BHK
Om Sai Enclave Chipiyana Ghaziabad,547,21.45,1 Bath,2 BHK
Mansarovar Park Lal Kuan Ghaziabad,936,33.29,2 Baths,2 BHK
Lal Kuan ,631,23.5,1 Bath,2 BHK
Sai Garden Chipiyana Ghaziabad,915,33.2,2 Baths,2 BHK
Sai Garden Chipiyana Ghaziabad,909,33.28,2 Baths,2 BHK
Raj Compound Lal Kuan Ghaziabad,724,37.2,1 Bath,2 BHK
"Chipiyana Buzurg, Chipiyana Buzurg, Ghaziabad, Gautam Buddh Nagar District, Gautam Buddh Nagar District",911,32.95,1 Bath,2 BHK
"Lal Kuan, Lal Kuan, Ghaziabad, Ghaziabad District, Ghaziabad District",920,29,2 Baths,2 BHK
"Rajpuram , chipyana ",552,20.02,1 Bath,2 BHK
Om Sai Enclave Chipiyana Ghaziabad,901,33.48,2 Baths,2 BHK
"Chipiyana Buzurg, Chipiyana Buzurg, Ghaziabad, Gautam Buddh Nagar District, Gautam Buddh Nagar District",650,25,2 Baths,2 BHK
"Rajpuram , chipyana ",548,19.52,1 Bath,2 BHK
"Chipiyana Buzurg, Chipiyana Buzurg, Ghaziabad, Gautam Buddh Nagar District, Gautam Buddh Nagar District",800,31,2 Baths,2 BHK
Rajcompund Gt Road Lal Kuan Ghaziabad,728,26.64,2 Baths,2 BHK
"Lal Kuan, Chipiyana Buzurg, Chipiyana Buzurg, Ghaziabad, Gautam Buddh Nagar District, Gautam Buddh Nagar District",900,29,2 Baths,2 BHK
"Rajpuram , chipyana ",541,21.8,1 Bath,2 BHK
"Chipiyana Buzurg, Chipiyana Buzurg, Ghaziabad, Gautam Buddh Nagar District, Gautam Buddh Nagar District",891,33.99,2 Baths,2 BHK
Raj Compound Lal Kuan Ghaziabad,720,36.9,1 Bath,2 BHK
"Rajpuram , chipyana ",632,23.5,1 Bath,2 BHK
"Chipiyana, Chipiyana Buzurg, Chipiyana Buzurg, Ghaziabad, Gautam Buddh Nagar District, Gautam Buddh Nagar District",780,27,1 Bath,2 BHK
Lal Kuan Ghaziabad Near Relience Petrol Pump,914,35.7,2 Baths,2 BHK
Rajcompund Gt Road Lal Kuan Ghaziabad,722,36.05,2 Baths,2 BHK
"Chipiyana Buzurg, Chipiyana Buzurg, Ghaziabad, Gautam Buddh Nagar District, Gautam Buddh Nagar District",500,21.09,1 Bath,2 BHK
"Chipiyana Buzurg, Chipiyana Buzurg, Ghaziabad, Gautam Buddh Nagar District, Gautam Buddh Nagar District",625,23.88,1 Bath,1 BHK
"Chipiyana Buzurg, Chipiyana Buzurg, Ghaziabad, Gautam Buddh Nagar District, Gautam Buddh Nagar District",750,28,1 Bath,2 BHK
Om Sai Enclave Chipiyana Ghaziabad,915,32.94,2 Baths,2 BHK
Om Sai Enclave Chipiyana Ghaziabad,907,33.94,2 Baths,2 BHK
Rajcompund Gt Road Lal Kuan Ghaziabad,726,36.88,2 Baths,2 BHK
"Chipiyana Buzurg, Chipiyana Buzurg, Ghaziabad, Gautam Buddh Nagar District, Gautam Buddh Nagar District",545,20.6,1 Bath,1 BHK
"Lal Kuan, Lal Kuan, Lal Kuan, Ghaziabad, Ghaziabad District, Ghaziabad District",1600,45,2 Baths,3 BHK
"Rajpuram , chipyana ",542,21.6,1 Bath,2 BHK
Om Sai Enclave Chipiyana Ghaziabad,458,18,1 Bath,1 BHK
Mansarovar Park Lal Kuan Ghaziabad,722,26.8,1 Bath,2 BHK
Chipiyana,907,34.55,2 Baths,2 BHK
Lal Kuan Ghaziabad - Facing East,638,23.5,1 Bath,2 BHK
Mansarovar Park Lal Kuan Ghaziabad,632,25.38,1 Bath,2 BHK
Lal Kuan ,631,24,1 Bath,1 BHK
Om Sai Enclave Chipiyana Ghaziabad,541,22,1 Bath,1 BHK
"Chipiyana Buzurg, Chipiyana Buzurg, Ghaziabad, Gautam Buddh Nagar District, Gautam Buddh Nagar District",550,21,2 Baths,2 BHK
"Chipiyana Buzurg, Chipiyana Buzurg, Ghaziabad, Gautam Buddh Nagar District, Gautam Buddh Nagar District",500,21,2 Baths,2 BHK
"Chipiyana Buzurg, Chipiyana Buzurg, Ghaziabad, Gautam Buddh Nagar District, Gautam Buddh Nagar District",632,23.78,1 Bath,2 BHK
"Chipiyana Buzurg, Chipiyana Buzurg, Ghaziabad, Gautam Buddh Nagar District, Gautam Buddh Nagar District",600,25,1 Bath,2 BHK
Mansarovar Park Lal Kuan Ghaziabad,814,30,1 Bath,2 BHK
"Rajpuram , chipyana ",636,23.92,1 Bath,2 BHK
"Lal Kuan, Lal Kuan, Ghaziabad, Ghaziabad District, Ghaziabad District",690,22.99,2 Baths,2 BHK
"Chipiyana Buzurg, Chipiyana Buzurg, Ghaziabad, Gautam Buddh Nagar District, Gautam Buddh Nagar District",850,28.5,2 Baths,2 BHK
"Chipiyana, Chipiyana Buzurg, Chipiyana Buzurg, Ghaziabad, Gautam Buddh Nagar District, Gautam Buddh Nagar District",605,25,2 Baths,2 BHK
"Chipiyana Buzurg, Chipiyana Buzurg, Ghaziabad, Gautam Buddh Nagar District, Gautam Buddh Nagar District",900,32.5,2 Baths,2 BHK
Lal Kuan,905,34.28,2 Baths,2 BHK
"Indirapuram, Indirapuram, Ghaziabad, Ghaziabad District, Ghaziabad District",1150,55,2 Baths,3 BHK
"Chipiyana Buzurg, Chipiyana Buzurg, Ghaziabad, Gautam Buddh Nagar District, Gautam Buddh Nagar District",550,21.15,1 Bath,2 BHK
"Chipiyana Buzurg, Chipiyana Buzurg, Ghaziabad, Gautam Buddh Nagar District, Gautam Buddh Nagar District",660,22.97,1 Bath,2 BHK
"Chipiyana ,near Lal Kuan, Ghaziabad",950,33.4,2 Baths,3 BHK
"Rajpuram , chipyana ",626,24.55,1 Bath,2 BHK
"Ghaziabad, Ghaziabad District",1000,65,2 Baths,3 BHK
Lal Kuan Ghaziabad - Facing East,542,22,1 Bath,1 BHK
"Lal Kuan, Lal Kuan, Ghaziabad, Ghaziabad District, Ghaziabad District",718,27.28,2 Baths,2 BHK
"Chipiyana Buzurg, Chipiyana Buzurg, Ghaziabad, Gautam Buddh Nagar District, Gautam Buddh Nagar District",632,23.77,1 Bath,1 BHK
"Chipiyana Buzurg, Chipiyana Buzurg, Ghaziabad, Gautam Buddh Nagar District, Gautam Buddh Nagar District",770,31.5,1 Bath,2 BHK
"Chipiyana Buzurg, Chipiyana Buzurg, Ghaziabad, Gautam Buddh Nagar District, Gautam Buddh Nagar District",800,31.21,2 Baths,2 BHK
Raj Compound Lal Kuan Ghaziabad,728,36.49,2 Baths,2 BHK
"Chipiyana Buzurg, Chipiyana Buzurg, Ghaziabad, Gautam Buddh Nagar District, Gautam Buddh Nagar District",605,23.55,1 Bath,2 BHK
Crossing Republik,970,51,1 Bath,1 BHK
"Indirapuram, Indirapuram, Ghaziabad, Ghaziabad District, Ghaziabad District",2000,170,4 Baths,4 BHK
"Lal Kuan, Lal Kuan, Ghaziabad, Ghaziabad District, Ghaziabad District",600,25.5,1 Bath,1 BHK
"Lal Kuan, Lal Kuan, Ghaziabad, Ghaziabad District, Ghaziabad District",650,23.5,2 Baths,2 BHK
"Chhapraula, Chhapraula, Ghaziabad, Gautam Buddh Nagar District, Gautam Buddh Nagar District",650,25.8,2 Baths,2 BHK
Indirapuram,1600,65,4 Baths,3 BHK
Gyan Khand,1700,96.59,3 Baths,3 BHK
Shakti Khand ,850,35.51,2 Baths,2 BHK
Niti khand,2400,175,4 Baths,4 BHK
Indirapuram,1250,51.9,3 Baths,3 BHK
Vasundhara Sector 9,1400,79,2 Baths,3 BHK
Shakti khand 4,1204,68,3 Baths,3 BHK
Shakti Khand ,1204,70,3 Baths,3 BHK
Gyan Khand 2,900,47,2 Baths,2 BHK
Niti khand,1900,135,4 Baths,4 BHK
"Indirapuram, Ghaziabad - Facing East",1204,70.1,3 Baths,3 BHK
Gyan Khand 1,1000,57,2 Baths,2 BHK
Shakti Khand 3,2400,200,3 Baths,4 BHK
Gyan Khand 1,1300,59,2 Baths,2 BHK
Shakti Khand 3,968,57,3 Baths,3 BHK
NH 91,1204,58.9,3 Baths,3 BHK
Gyan Khand 2,1610,112,3 Baths,3 BHK
Duhai ,1050,40,2 Baths,2 BHK
Gyan Khand,1010,37,2 Baths,2 BHK
Niti khand,1900,110,3 Baths,4 BHK
NH 91,2496,196,4 Baths,4 BHK
Shakti khand 4,1250,63,3 Baths,3 BHK
Indirapuram,1122,47.65,2 Baths,2 BHK
Shakti Khand 3,936,30,2 Baths,2 BHK
"Vasundhara, Vasundhara, Ghaziabad, Ghaziabad District, Ghaziabad District",3600,250,5 Baths,5 BHK
Gyan Khand,3600,240,9 Baths,9 BHK
Shakti Khand 2,1322,55,2 Baths,3 BHK
Crossing Republik,880,45.95,1 Bath,2 BHK
"Vasundhara, Vasundhara, Ghaziabad, Ghaziabad District, Ghaziabad District",2200,176,4 Baths,4 BHK
Raj Nagar extension,8500,585,3 Baths,3 BHK
Crossing Republik,1490,50.75,1 Bath,1 BHK
Crossing Republik,965,51.1,2 Baths,2 BHK
"Shiv Aadarsh Colony, Ghaziabad",1450,51.4,3 Baths,3 BHK
Crossing Republik,900,48,2 Baths,2 BHK
"Indirapuram, Indirapuram, Ghaziabad, Ghaziabad District, Ghaziabad District",1200,70,3 Baths,3 BHK
Raj Nagar extension,2808,140,4 Baths,6 BHK
Raj Nagar extension,8050,585,2 Baths,3 BHK
Shakti Khand,1300,85,2 Baths,3 BHK
Niti khand 2,1300,80,2 Baths,3 BHK
 Vaishali Sector 4 ,1000,57,2 Baths,2 BHK
Shakti Khand 3,2450,150,4 Baths,4 BHK
Vasundhara Sector 5,1350,73,2 Baths,3 BHK
Vasundhara sector 3,1800,90,3 Baths,3 BHK
 Mahagunpuram,650,25.5,1 Bath,1 BHK
Crossing Republik,1100,57,1 Bath,2 BHK
"Vasundhara, Vasundhara, Ghaziabad, Ghaziabad District, Ghaziabad District",3240,225,4 Baths,5 BHK
"Indirapuram, Indirapuram, Ghaziabad, Ghaziabad District, Ghaziabad District",1400,90,3 Baths,3 BHK
"Indirapuram, Indirapuram, Ghaziabad, Ghaziabad District, Ghaziabad District",700,33,2 Baths,2 BHK
"Indirapuram, Indirapuram, Ghaziabad, Ghaziabad District, Ghaziabad District",1400,68,3 Baths,3 BHK
"Vaishali, Vaishali, Ghaziabad, Ghaziabad District, Ghaziabad District",485,20,1 Bath,1 BHK
"Rajendra Nagar, Rajendra Nagar, Ghaziabad, Ghaziabad District, Ghaziabad District",1700,88,3 Baths,4 BHK
Raj Nagar extension,2700,150,4 Baths,4 BHK
"Rajendra Nagar, Rajendra Nagar, Ghaziabad, Ghaziabad District, Ghaziabad District",1000,91,3 Baths,4 BHK
"Indirapuram, Indirapuram, Ghaziabad, Ghaziabad District, Ghaziabad District",850,27.5,2 Baths,2 BHK
"Indirapuram, Indirapuram, Ghaziabad, Ghaziabad District, Ghaziabad District",1500,57,2 Baths,3 BHK
"Indirapuram, Indirapuram, Ghaziabad, Ghaziabad District, Ghaziabad District",510,25,1 Bath,1 BHK
"Rajendra Nagar, Rajendra Nagar, Ghaziabad, Ghaziabad District, Ghaziabad District",1950,90,3 Baths,4 BHK
"Chhapraula, Chhapraula, Ghaziabad, Gautam Buddh Nagar District, Gautam Buddh Nagar District",680,25.8,2 Baths,2 BHK
"Chipiyana Buzurg, Chipiyana Buzurg, Ghaziabad, Gautam Buddh Nagar District, Gautam Buddh Nagar District",600,20.97,2 Baths,2 BHK
"Lal Kuan, Lal Kuan, Ghaziabad, Ghaziabad District, Ghaziabad District",550,18.5,1 Bath,1 BHK
Vasundhara Sector 9,1054,72,3 Baths,3 BHK
NH 24,1600,44.9,2 Baths,9 BHK
Niti khand,1600,98,3 Baths,3 BHK
Niti khand,1400,75,2 Baths,3 BHK
Vasundhara sector 13,950,37,2 Baths,2 BHK
 Vasundhara Sector 12 ,1450,77,2 Baths,3 BHK
Shakti Khand,1060,39.4,2 Baths,2 BHK
Niti khand,1500,70,3 Baths,3 BHK
Shakti Khand ,956,45.3,2 Baths,2 BHK
Niti khand,1400,75.6,2 Baths,3 BHK
Shakti Khand,1200,72,2 Baths,3 BHK
Gyan khand,1055,46.5,2 Baths,2 BHK
Shakti Khand,1400,65,2 Baths,3 BHK
Vasundhara ,1743,60,2 Baths,3 BHK
Vasundhara ,1200,54.6,2 Baths,3 BHK
"Indirapuram, Indirapuram, Ghaziabad, Ghaziabad District, Ghaziabad District",1100,78,2 Baths,3 BHK
"Indirapuram, Indirapuram, Ghaziabad, Ghaziabad District, Ghaziabad District",4600,320,6 Baths,5 BHK
"Indirapuram, Indirapuram, Ghaziabad, Ghaziabad District, Ghaziabad District",950,50,2 Baths,2 BHK
"Indirapuram, Indirapuram, Ghaziabad, Ghaziabad District, Ghaziabad District",1300,56,3 Baths,3 BHK
Shakti Khand 2,1700,112,3 Baths,4 BHK
"Indirapuram, Indirapuram, Ghaziabad, Ghaziabad District, Ghaziabad District",2000,135,4 Baths,4 BHK
"Rajendra Nagar, Rajendra Nagar, Ghaziabad, Ghaziabad District, Ghaziabad District",1800,164,3 Baths,3 BHK
"Indirapuram, Indirapuram, Ghaziabad, Ghaziabad District, Ghaziabad District",1050,43,2 Baths,2 BHK
"Indirapuram, Indirapuram, Ghaziabad, Ghaziabad District, Ghaziabad District",1300,74,3 Baths,3 BHK
pandav nagar,1000,32,1 Bath,2 BHK
Sahibabad,1100,60,2 Baths,6 BHK
Shakti Khand,1150,52,2 Baths,3 BHK
Shastri Nagar,1640,78,3 Baths,3 BHK
Vasundhara Sector 14,3000,265,5 Baths,5 BHK
"Friends Society Sector-12, Vasundhara, Ghaziabad",1600,135,3 Baths,4 BHK
Vasundhara sector 1,1280,44.2,2 Baths,3 BHK
Vasundhara Sector 5,1300,54.4,2 Baths,3 BHK
Prerna Apartment Near Motherdairy Gandhi Nagar Ghaziabad,1030,45,2 Baths,2 BHK
Vasundhara,1350,64,2 Baths,3 BHK
 Wave City ,1270,46,2 Baths,3 BHK
"Vasundhara, Vasundhara, Ghaziabad, Ghaziabad District, Ghaziabad District",1300,68,2 Baths,3 BHK
"Indirapuram, Indirapuram, Ghaziabad, Ghaziabad District, Ghaziabad District",650,24,2 Baths,1 BHK
"Vaishali, Vaishali, Ghaziabad, Ghaziabad District, Ghaziabad District",2700,130,3 Baths,4 BHK
Raj Nagar extension,2875,186,4 Baths,4 BHK
Gyan Khand 4 ,2000,120,3 Baths,4 BHK
"Chhapraula, Chhapraula, Ghaziabad, Gautam Buddh Nagar District, Gautam Buddh Nagar District",500,18.5,1 Bath,1 BHK
"Indirapuram, Indirapuram, Ghaziabad, Ghaziabad District, Ghaziabad District",1250,85,3 Baths,3 BHK
"Chhapraula, Chhapraula, Ghaziabad, Gautam Buddh Nagar District, Gautam Buddh Nagar District",600,19.8,1 Bath,2 BHK
"Lal Kuan, Lal Kuan, Ghaziabad, Ghaziabad District, Ghaziabad District",700,26.5,2 Baths,2 BHK
"Indirapuram, Indirapuram, Ghaziabad, Ghaziabad District, Ghaziabad District",1800,65,3 Baths,3 BHK
Raj Nagar extension,2875,180,4 Baths,4 BHK
Raj Nagar extension,1890,67,3 Baths,3 BHK
Vasundhara Sector 1 ,967,42.2,2 Baths,2 BHK
Shakti Khand 3,600,23,1 Bath,1 BHK
Vasundhara sector 2b,1850,75.25,3 Baths,4 BHK
Vasundhara,990,33.5,2 Baths,2 BHK
"Indirapuram, Indirapuram, Ghaziabad, Ghaziabad District, Ghaziabad District",1750,110,2 Baths,3 BHK
"Indirapuram, Indirapuram, Ghaziabad, Ghaziabad District, Ghaziabad District",1900,95,3 Baths,4 BHK
"Indirapuram, Indirapuram, Ghaziabad, Ghaziabad District, Ghaziabad District",1150,60,2 Baths,2 BHK
"Chhapraula, Chhapraula, Ghaziabad, Gautam Buddh Nagar District, Gautam Buddh Nagar District",504,19.55,1 Bath,1 BHK
"Indirapuram, Indirapuram, Ghaziabad, Ghaziabad District, Ghaziabad District",1400,120,3 Baths,3 BHK
"Chhapraula, Chhapraula, Ghaziabad, Gautam Buddh Nagar District, Gautam Buddh Nagar District",477,18.55,1 Bath,1 BHK
Shalimar garden,1800,99.5,3 Baths,4 BHK
"Indirapuram, Indirapuram, Ghaziabad, Ghaziabad District, Ghaziabad District",1380,72,2 Baths,3 BHK
"Chhapraula, Chhapraula, Ghaziabad, Gautam Buddh Nagar District, Gautam Buddh Nagar District",504,19.65,1 Bath,1 BHK
"Chhapraula, Chhapraula, Ghaziabad, Gautam Buddh Nagar District, Gautam Buddh Nagar District",504,19.85,1 Bath,1 BHK
"Indirapuram, Indirapuram, Ghaziabad, Ghaziabad District, Ghaziabad District",1250,78,3 Baths,3 BHK
Shastri Nagar,800,30,2 Baths,2 BHK
NH 24,1600,43.89,2 Baths,9 BHK
Vasundhara Sector 5,1450,60.5,2 Baths,3 BHK
NH 24,1375,39,2 Baths,3 BHK
NH 91,990,36.3,3 Baths,3 BHK
vaishali sector 5,1000,34,2 Baths,2 BHK
Niti khand,1700,94.5,3 Baths,4 BHK
Shakti Khand,900,35.11,2 Baths,2 BHK
Vaishali Sector 6,900,55,2 Baths,2 BHK
Indirapuram,950,51.2,2 Baths,2 BHK
"Ahinsha Khand, Indirapuram, Ghaziabad",910,54,2 Baths,2 BHK
Indirapuram,900,34.75,2 Baths,2 BHK
Shakti Khand,900,35,2 Baths,2 BHK
 Ahinsa Khand-2,1056,51,2 Baths,2 BHK
Gyan khand,1400,107,2 Baths,3 BHK
Shakti Khand ,1380,51.65,2 Baths,3 BHK
Shakti Khand 3,950,36,2 Baths,2 BHK
Niti khand,1400,64.5,2 Baths,3 BHK
Vasundhara Sector 3,950,38.51,1 Bath,2 BHK
Indirapuram,2400,199,4 Baths,4 BHK
"Indirapuram, Indirapuram, Ghaziabad, Ghaziabad District, Ghaziabad District",1675,99,3 Baths,4 BHK
"Indirapuram, Indirapuram, Ghaziabad, Ghaziabad District, Ghaziabad District",1000,200,3 Baths,3 BHK
Niti khand,1600,108,3 Baths,3 BHK
Gyan Khand,1400,66.75,2 Baths,3 BHK
Shakti Khand 3,600,21,1 Bath,1 BHK
"Indirapuram, Indirapuram, Ghaziabad, Ghaziabad District, Ghaziabad District",950,52,2 Baths,2 BHK
Shakti Khand,1450,65.73,2 Baths,3 BHK
"Indirapuram, Indirapuram, Ghaziabad, Ghaziabad District, Ghaziabad District",950,50,2 Baths,2 BHK
Shakti Khand 3,600,23,1 Bath,1 BHK
"Indirapuram, Indirapuram, Ghaziabad, Ghaziabad District, Ghaziabad District",1425,74,2 Baths,3 BHK
"Vasundhara, Vasundhara, Ghaziabad, Ghaziabad District, Ghaziabad District",1725,105,2 Baths,3 BHK
Shakti Khand ,3800,285,5 Baths,5 BHK
"Indirapuram, Indirapuram, Ghaziabad, Ghaziabad District, Ghaziabad District",1250,55,2 Baths,3 BHK
"Indirapuram, Indirapuram, Ghaziabad, Ghaziabad District, Ghaziabad District",1050,51,2 Baths,2 BHK
"Vasundhara, Vasundhara, Ghaziabad, Ghaziabad District, Ghaziabad District",1525,73,2 Baths,3 BHK
Gyan Khand ,1650,90.25,2 Baths,3 BHK
"Vasundhara, Vasundhara, Ghaziabad, Ghaziabad District, Ghaziabad District",1750,90,2 Baths,4 BHK
vaishali sector 5,2200,195,3 Baths,4 BHK
"Indirapuram, Indirapuram, Ghaziabad, Ghaziabad District, Ghaziabad District",1425,80,2 Baths,3 BHK
"Indirapuram, Indirapuram, Ghaziabad, Ghaziabad District, Ghaziabad District",500,25,2 Baths,1 BHK
"Vasundhara, Vasundhara, Ghaziabad, Ghaziabad District, Ghaziabad District",1350,60,2 Baths,3 BHK
"Vasundhara, Vasundhara, Ghaziabad, Ghaziabad District, Ghaziabad District",1875,85,3 Baths,3 BHK
"Indirapuram, Indirapuram, Ghaziabad, Ghaziabad District, Ghaziabad District",1100,65,2 Baths,3 BHK
"Vasundhara, Vasundhara, Ghaziabad, Ghaziabad District, Ghaziabad District",1225,70,2 Baths,3 BHK
Niti khand,3850,290,5 Baths,5 BHK
"Vasundhara, Vasundhara, Ghaziabad, Ghaziabad District, Ghaziabad District",2025,135,3 Baths,4 BHK
"Vaishali Sec 4, Ghaziabad - Garden",1400,85.5,2 Baths,3 BHK
Gyan Khand 2 ,600,26,2 Baths,1 BHK
Vasundhara Sector 10,1600,92,3 Baths,3 BHK
"Indirapuram, Indirapuram, Ghaziabad, Ghaziabad District, Ghaziabad District",1625,95,3 Baths,4 BHK
"Vasundhara, Vasundhara, Ghaziabad, Ghaziabad District, Ghaziabad District",1750,75,3 Baths,4 BHK
"Vasundhara, Vasundhara, Ghaziabad, Ghaziabad District, Ghaziabad District",950,38,2 Baths,2 BHK
"Vasundhara, Vasundhara, Ghaziabad, Ghaziabad District, Ghaziabad District",1250,70,2 Baths,3 BHK
Nh91 Highway Near Lal Kuan Ghaziabad,504,19.49,1 Bath,1 BHK
"Vasundhara, Vasundhara, Ghaziabad, Ghaziabad District, Ghaziabad District",750,36,2 Baths,2 BHK
"Vasundhara, Vasundhara, Ghaziabad, Ghaziabad District, Ghaziabad District",800,56,2 Baths,3 BHK
Vaishali sector 6,850,24,2 Baths,2 BHK
Niti khand,535,100,3 Baths,3 BHK
"Indirapuram, Indirapuram, Ghaziabad, Ghaziabad District, Ghaziabad District",1250,54,3 Baths,3 BHK
Naya Ganj,600,25,1 Bath,1 BHK
"Vaishali, Vaishali, Ghaziabad, Ghaziabad District, Ghaziabad District",3600,275,9 Baths,8 BHK
Gyan khand,1100,50,1 Bath,3 BHK
"Indirapuram, Indirapuram, Ghaziabad, Ghaziabad District, Ghaziabad District",1200,58,1 Bath,2 BHK
 Wave City ,990,33,2 Baths,2 BHK
"Indirapuram, Indirapuram, Ghaziabad, Ghaziabad District, Ghaziabad District",600,26,1 Bath,1 BHK
"Indirapuram, Indirapuram, Ghaziabad, Ghaziabad District, Ghaziabad District",675,27,1 Bath,1 BHK
"Lal Kuan, Lal Kuan, Ghaziabad, Ghaziabad District, Ghaziabad District",500,25,1 Bath,2 BHK
"Indirapuram, Indirapuram, Ghaziabad, Ghaziabad District, Ghaziabad District",1250,55,3 Baths,3 BHK
"Indirapuram, Indirapuram, Ghaziabad, Ghaziabad District, Ghaziabad District",950,43.5,2 Baths,2 BHK
"Vasundhara, Vasundhara, Ghaziabad, Ghaziabad District, Ghaziabad District",1300,62,2 Baths,3 BHK
"Indirapuram, Indirapuram, Ghaziabad, Ghaziabad District, Ghaziabad District",600,25,1 Bath,1 BHK
 Wave City ,950,35,2 Baths,2 BHK
Vaishali sector 1,1450,72,2 Baths,3 BHK
Raj Nagar extension,2700,150,3 Baths,4 BHK
Shakti Khand 3,600,22,1 Bath,1 BHK
Shakti Khand 3,600,24,1 Bath,1 BHK
Shakti Khand 3,900,50,2 Baths,2 BHK
Shakti Khand 3,600,22,1 Bath,1 BHK
Shakti Khand 3,900,47,2 Baths,2 BHK
Shakti Khand 3,600,23,1 Bath,1 BHK
Shakti Khand 3,1300,79,3 Baths,3 BHK
Vaishali sector 1,1400,88,2 Baths,3 BHK
Shakti Khand 3,600,22.5,1 Bath,1 BHK
Shakti Khand 3,1300,78,3 Baths,3 BHK
Vasundhara sector 13,1500,56.9,2 Baths,3 BHK
Shakti Khand,1500,79.5,3 Baths,3 BHK
"Vasundhara, Vasundhara, Ghaziabad, Ghaziabad District, Ghaziabad District",1430,68,2 Baths,3 BHK
"Vasundhara, Vasundhara, Ghaziabad, Ghaziabad District, Ghaziabad District",1400,68,2 Baths,3 BHK
Vaishali Sector 2 ,1390,67.58,2 Baths,3 BHK
"Indirapuram, Indirapuram, Ghaziabad, Ghaziabad District, Ghaziabad District",2800,250,4 Baths,4 BHK
"Chhapraula, Chhapraula, Ghaziabad, Gautam Buddh Nagar District, Gautam Buddh Nagar District",900,32.4,2 Baths,2 BHK
"Chhapraula, Chhapraula, Ghaziabad, Gautam Buddh Nagar District, Gautam Buddh Nagar District",900,31.9,2 Baths,2 BHK
"Indirapuram, Indirapuram, Ghaziabad, Ghaziabad District, Ghaziabad District",780,35,2 Baths,2 BHK
"Indirapuram, Indirapuram, Ghaziabad, Ghaziabad District, Ghaziabad District",900,45,2 Baths,2 BHK
"Indirapuram, Indirapuram, Ghaziabad, Ghaziabad District, Ghaziabad District",850,24.5,2 Baths,2 BHK
"Indirapuram, Indirapuram, Ghaziabad, Ghaziabad District, Ghaziabad District",1250,50,2 Baths,3 BHK
"Indirapuram, Indirapuram, Ghaziabad, Ghaziabad District, Ghaziabad District",1630,82,2 Baths,3 BHK
Vaishali Sector 3,1700,125,3 Baths,3 BHK
"Vasundhara, Vasundhara, Ghaziabad, Ghaziabad District, Ghaziabad District",750,38,2 Baths,2 BHK
"Vasundhara, Vasundhara, Ghaziabad, Ghaziabad District, Ghaziabad District",1050,53,2 Baths,3 BHK
"Vasundhara, Vasundhara, Ghaziabad, Ghaziabad District, Ghaziabad District",850,37.5,2 Baths,2 BHK
"Vasundhara, Vasundhara, Ghaziabad, Ghaziabad District, Ghaziabad District",1200,55,2 Baths,3 BHK
"Vasundhara, Vasundhara, Ghaziabad, Ghaziabad District, Ghaziabad District",1350,75,2 Baths,3 BHK
"Vasundhara, Vasundhara, Ghaziabad, Ghaziabad District, Ghaziabad District",1250,68,2 Baths,3 BHK
"Chhapraula, Chhapraula, Ghaziabad, Gautam Buddh Nagar District, Gautam Buddh Nagar District",477,18.5,1 Bath,1 BHK
"Chhapraula, Chhapraula, Ghaziabad, Gautam Buddh Nagar District, Gautam Buddh Nagar District",477,18.4,1 Bath,1 BHK
"Chhapraula, Chhapraula, Ghaziabad, Gautam Buddh Nagar District, Gautam Buddh Nagar District",504,19.75,1 Bath,1 BHK
